title,article_url,published_at,extracted_url,normalized_url,matched_165_url,match_type,match_reason,review_status,random_sample_group,random_seed
Re: [問題] 詢問目前國外匯款策略可行性,https://www.ptt.cc/bbs/Bank_Service/M.1614792365.A.8E6.html,Thu Mar  4 01:26:03 2021,https://bit.ly/3b9Sfn1,bit.ly/3b9sfn1,,fuzzy_match,shortener_or_redirect_domain_host,pending,fuzzy_full_review,42
Re: [情報] 一卡通money詐騙,https://www.ptt.cc/bbs/Bank_Service/M.1666091187.A.4CA.html,Tue Oct 18 19:06:25 2022,https://bit.ly/3CJjeSQ,bit.ly/3cjjesq,,fuzzy_match,shortener_or_redirect_domain_host,pending,fuzzy_full_review,42
Re: [新聞] 詐騙大師《神鬼交鋒》主角警告 千萬別用,https://www.ptt.cc/bbs/Bank_Service/M.1567482065.A.984.html,Tue Sep  3 11:41:03 2019,https://reurl.cc/Qpp9jM,reurl.cc/qpp9jm,,fuzzy_match,shortener_or_redirect_domain_host,pending,fuzzy_full_review,42
Re: [閒聊] 偶爾換我來騙騙詐騙集團吧~,https://www.ptt.cc/bbs/Bank_Service/M.1216919669.A.B68.html,Fri Jul 25 01:14:28 2008,http://tinyurl.com/4w8ghv,tinyurl.com/4w8ghv,,fuzzy_match,shortener_or_redirect_domain_host,pending,fuzzy_full_review,42
Re: [閒聊] 偶爾換我來騙騙詐騙集團吧~,https://www.ptt.cc/bbs/Bank_Service/M.1216976537.A.BC4.html,Fri Jul 25 17:02:16 2008,http://tinyurl.com/4w8ghv,tinyurl.com/4w8ghv,,fuzzy_match,shortener_or_redirect_domain_host,pending,fuzzy_full_review,42
[新聞] 上網拍賣...忘了！被當詐騙　帳戶全凍,https://www.ptt.cc/bbs/Bank_Service/M.1352115364.A.545.html,Mon Nov  5 19:36:01 2012,http://tinyurl.com/bjcbpvx,tinyurl.com/bjcbpvx,,fuzzy_match,shortener_or_redirect_domain_host,pending,fuzzy_full_review,42
[新聞] 上網拍賣...忘了！被當詐騙　帳戶全凍,https://www.ptt.cc/bbs/Bank_Service/M.1352115364.A.545.html,Mon Nov  5 19:36:01 2012,http://tinyurl.com/b3lppwo,tinyurl.com/b3lppwo,,fuzzy_match,shortener_or_redirect_domain_host,pending,fuzzy_full_review,42
[新聞] 上網拍賣...忘了！被當詐騙　帳戶全凍,https://www.ptt.cc/bbs/Bank_Service/M.1352115364.A.545.html,Mon Nov  5 19:36:01 2012,http://tinyurl.com/aazj857,tinyurl.com/aazj857,,fuzzy_match,shortener_or_redirect_domain_host,pending,fuzzy_full_review,42
[新聞] 中信銀3分行行員涉勾結詐騙集團 金管會,https://www.ptt.cc/bbs/Bank_Service/M.1685450263.A.90B.html,Tue May 30 20:37:41 2023,https://ppt.cc/fpMJwx,ppt.cc/fpmjwx,,fuzzy_match,shortener_or_redirect_domain_host,pending,fuzzy_full_review,42
[新聞] 中信銀行員成詐騙集團共犯 提高轉帳額度疑幫洗錢,https://www.ptt.cc/bbs/Bank_Service/M.1673050835.A.0B8.html,Sat Jan  7 08:20:32 2023,https://reurl.cc/6LO3bO,reurl.cc/6lo3bo,,fuzzy_match,shortener_or_redirect_domain_host,pending,fuzzy_full_review,42
[新聞] 中華郵政證實:詐騙集團 掌握外洩個資1.7,https://www.ptt.cc/bbs/Bank_Service/M.1464076437.A.827.html,Tue May 24 15:53:54 2016,http://goo.gl/wdWucB,goo.gl/wdwucb,,fuzzy_match,shortener_or_redirect_domain_host,pending,fuzzy_full_review,42
[新聞] 在新光銀行門口　被新光客服詐騙,https://www.ptt.cc/bbs/Bank_Service/M.1433488908.A.336.html,Fri Jun  5 15:21:40 2015,http://0rz.tw/MnX8x,0rz.tw/mnx8x,,fuzzy_match,shortener_or_redirect_domain_host,pending,fuzzy_full_review,42
[新聞] 太歲爺上動土？ 銀行剛確認貸款 詐騙集,https://www.ptt.cc/bbs/Bank_Service/M.1739989453.A.0CE.html,Thu Feb 20 02:24:11 2025,https://reurl.cc/qne6k3,reurl.cc/qne6k3,,fuzzy_match,shortener_or_redirect_domain_host,pending,fuzzy_full_review,42
[新聞] 太歲爺上動土？ 銀行剛確認貸款 詐騙集,https://www.ptt.cc/bbs/Bank_Service/M.1739989453.A.0CE.html,Thu Feb 20 02:24:11 2025,https://reurl.cc/mR1ADW,reurl.cc/mr1adw,,fuzzy_match,shortener_or_redirect_domain_host,pending,fuzzy_full_review,42
[新聞] 摩鐵變轉帳機房 4月詐騙上億,https://www.ptt.cc/bbs/Bank_Service/M.1322622035.A.35C.html,Wed Nov 30 11:00:32 2011,http://tinyurl.com/7wwga3c,tinyurl.com/7wwga3c,,fuzzy_match,shortener_or_redirect_domain_host,pending,fuzzy_full_review,42
[新聞] 正晶揭露新詐騙案　7百萬存款不翼而飛,https://www.ptt.cc/bbs/Bank_Service/M.1460571125.A.F61.html,Thu Apr 14 02:12:01 2016,http://goo.gl/hi6VSB,goo.gl/hi6vsb,,fuzzy_match,shortener_or_redirect_domain_host,pending,fuzzy_full_review,42
[新聞] 西聯匯款 詐騙集團全球洗錢,https://www.ptt.cc/bbs/Bank_Service/M.1215882239.A.FCE.html,Sun Jul 13 01:03:58 2008,http://tinyurl.com/6jg7zg,tinyurl.com/6jg7zg,,fuzzy_match,shortener_or_redirect_domain_host,pending,fuzzy_full_review,42
[新聞] 詐騙大師《神鬼交鋒》主角警告 千萬別用,https://www.ptt.cc/bbs/Bank_Service/M.1567391651.A.CFB.html,Mon Sep  2 10:34:07 2019,https://reurl.cc/Qpp9jM,reurl.cc/qpp9jm,,fuzzy_match,shortener_or_redirect_domain_host,pending,fuzzy_full_review,42
[新聞] 詐騙有新招！她接一通電話「1800萬飛了」,https://www.ptt.cc/bbs/Bank_Service/M.1752207971.A.43F.html,Fri Jul 11 12:26:08 2025,https://reurl.cc/9nXaKx,reurl.cc/9nxakx,,fuzzy_match,shortener_or_redirect_domain_host,pending,fuzzy_full_review,42
[新聞] 詐騙集團魔手 台新銀2萬筆個資外洩 兩則,https://www.ptt.cc/bbs/Bank_Service/M.1324704814.A.E08.html,Sat Dec 24 13:33:32 2011,http://tinyurl.com/7ndlf9g,tinyurl.com/7ndlf9g,,fuzzy_match,shortener_or_redirect_domain_host,pending,fuzzy_full_review,42
[新聞] 詐騙集團魔手 台新銀2萬筆個資外洩 兩則,https://www.ptt.cc/bbs/Bank_Service/M.1324704814.A.E08.html,Sat Dec 24 13:33:32 2011,http://tinyurl.com/723edkd,tinyurl.com/723edkd,,fuzzy_match,shortener_or_redirect_domain_host,pending,fuzzy_full_review,42
[新聞] 詐騙集團魔手 台新銀2萬筆個資外洩 兩則,https://www.ptt.cc/bbs/Bank_Service/M.1324704814.A.E08.html,Sat Dec 24 13:33:32 2011,http://tinyurl.com/87fugee,tinyurl.com/87fugee,,fuzzy_match,shortener_or_redirect_domain_host,pending,fuzzy_full_review,42
[新聞] 詐騙集團魔手 台新銀2萬筆個資外洩 兩則,https://www.ptt.cc/bbs/Bank_Service/M.1324704814.A.E08.html,Sat Dec 24 13:33:32 2011,http://tinyurl.com/7r84fsf,tinyurl.com/7r84fsf,,fuzzy_match,shortener_or_redirect_domain_host,pending,fuzzy_full_review,42
[新聞] 詐騙集團魔手 台新銀2萬筆個資外洩 兩則,https://www.ptt.cc/bbs/Bank_Service/M.1324704814.A.E08.html,Sat Dec 24 13:33:32 2011,http://tinyurl.com/6scrkte,tinyurl.com/6scrkte,,fuzzy_match,shortener_or_redirect_domain_host,pending,fuzzy_full_review,42
[新聞] 跑24家超商　詐騙車手半天狂領600萬,https://www.ptt.cc/bbs/Bank_Service/M.1350454694.A.CB4.html,Wed Oct 17 14:18:11 2012,http://tinyurl.com/9x4l4zt,tinyurl.com/9x4l4zt,,fuzzy_match,shortener_or_redirect_domain_host,pending,fuzzy_full_review,42
[新聞] 跑24家超商　詐騙車手半天狂領600萬,https://www.ptt.cc/bbs/Bank_Service/M.1350454694.A.CB4.html,Wed Oct 17 14:18:11 2012,http://tinyurl.com/9n6yc3v,tinyurl.com/9n6yc3v,,fuzzy_match,shortener_or_redirect_domain_host,pending,fuzzy_full_review,42
[新聞] 銀行襄理投資失利 淪詐騙車手,https://www.ptt.cc/bbs/Bank_Service/M.1395975921.A.34F.html,Fri Mar 28 11:05:17 2014,http://ppt.cc/jbyx,ppt.cc/jbyx,,fuzzy_match,shortener_or_redirect_domain_host,pending,fuzzy_full_review,42
[新聞] 防堵詐騙漏洞！台灣9銀行集體取消「自然,https://www.ptt.cc/bbs/Bank_Service/M.1748856639.A.1A4.html,Mon Jun  2 17:30:37 2025,https://reurl.cc/bW82b3,reurl.cc/bw82b3,,fuzzy_match,shortener_or_redirect_domain_host,pending,fuzzy_full_review,42
[閒聊] 詐騙手法有跡可循，一些重點歸納分享,https://www.ptt.cc/bbs/Bank_Service/M.1612277024.A.B07.html,Tue Feb  2 22:43:41 2021,https://pse.is/3bee5c,pse.is/3bee5c,,fuzzy_match,shortener_or_redirect_domain_host,pending,fuzzy_full_review,42
Fw: [心情] 昨天好像被騙錢去加油了...#借錢 #加油,https://www.ptt.cc/bbs/Bunco/M.1428319298.A.00B.html,Mon Apr  6 19:21:37 2015,http://goo.gl/TRt3GM,goo.gl/trt3gm,,fuzzy_match,shortener_or_redirect_domain_host,pending,fuzzy_full_review,42
Fw: [閒聊] FB看不到留言 疑似新型詐騙手法,https://www.ptt.cc/bbs/Bunco/M.1757062125.A.161.html,Fri Sep  5 16:48:44 2025,https://tinyurl.com/2epvz3bz,tinyurl.com/2epvz3bz,,fuzzy_match,shortener_or_redirect_domain_host,pending,fuzzy_full_review,42
"Re: [問題] 找工作被騙,帳戶變成警示帳戶",https://www.ptt.cc/bbs/Bunco/M.1363844206.A.DE0.html,Thu Mar 21 13:36:42 2013,http://ppt.cc/moP9,ppt.cc/mop9,,fuzzy_match,shortener_or_redirect_domain_host,pending,fuzzy_full_review,42
Re: [網路] 電腦螢幕便宜$1K~2K  已被騙,https://www.ptt.cc/bbs/Bunco/M.1355813798.A.CFA.html,Tue Dec 18 14:56:36 2012,http://0rz.tw/G5oKU,0rz.tw/g5oku,,fuzzy_match,shortener_or_redirect_domain_host,pending,fuzzy_full_review,42
Re: [網路] 電腦螢幕便宜$1K~2K  已被騙,https://www.ptt.cc/bbs/Bunco/M.1369210177.A.0BD.html,Wed May 22 16:09:34 2013,http://0rz.tw/G5oKU,0rz.tw/g5oku,,fuzzy_match,shortener_or_redirect_domain_host,pending,fuzzy_full_review,42
[新聞] 19歲裝書記官詐騙 7旬退休老師被騙99萬,https://www.ptt.cc/bbs/Bunco/M.1275656234.A.FF8.html,Fri Jun  4 20:57:11 2010,http://tinyurl.com/2egjp84,tinyurl.com/2egjp84,,fuzzy_match,shortener_or_redirect_domain_host,pending,fuzzy_full_review,42
[新聞] 3千萬老本全被騙光 假投資詐術大公開,https://www.ptt.cc/bbs/Bunco/M.1722766671.A.19D.html,Sun Aug  4 18:17:48 2024,https://reurl.cc/8XnbYd,reurl.cc/8xnbyd,,fuzzy_match,shortener_or_redirect_domain_host,pending,fuzzy_full_review,42
[新聞] 486先生提醒 防詐騙就要避開人性最大弱點,https://www.ptt.cc/bbs/Bunco/M.1751875433.A.5B1.html,Mon Jul  7 16:03:51 2025,https://reurl.cc/Nxa3lx,reurl.cc/nxa3lx,,fuzzy_match,shortener_or_redirect_domain_host,pending,fuzzy_full_review,42
[新聞] 4千萬被詐騙1／奈米醫材美子公司股利泡湯,https://www.ptt.cc/bbs/Bunco/M.1761965208.A.CE5.html,Sat Nov  1 10:46:44 2025,https://reurl.cc/zK8bRp,reurl.cc/zk8brp,,fuzzy_match,shortener_or_redirect_domain_host,pending,fuzzy_full_review,42
[新聞] 6000人上當！烏拉圭「牛債券」騙局 70萬頭幽靈牛詐騙百億元,https://www.ptt.cc/bbs/Bunco/M.1752846405.A.527.html,Fri Jul 18 21:46:42 2025,https://reurl.cc/qY1pGR,reurl.cc/qy1pgr,,fuzzy_match,shortener_or_redirect_domain_host,pending,fuzzy_full_review,42
[新聞] AI生成垃圾 詐騙集團詐騙個資收廣告費,https://www.ptt.cc/bbs/Bunco/M.1773109123.A.820.html,Tue Mar 10 10:18:40 2026,https://reurl.cc/dp0okM,reurl.cc/dp0okm,,fuzzy_match,shortener_or_redirect_domain_host,pending,fuzzy_full_review,42
[新聞] FBI也沒轍！美國女子高球成詐騙溫床 「視訊冒充運動員」爽宰,https://www.ptt.cc/bbs/Bunco/M.1755520191.A.939.html,Mon Aug 18 20:29:48 2025,https://reurl.cc/axZR6Y,reurl.cc/axzr6y,,fuzzy_match,shortener_or_redirect_domain_host,pending,fuzzy_full_review,42
[新聞] KK詐騙園區被軍政府攻佔，背後涉華人黑幫,https://www.ptt.cc/bbs/Bunco/M.1761079575.A.DB3.html,Wed Oct 22 04:46:08 2025,https://reurl.cc/Ln9dVX,reurl.cc/ln9dvx,,fuzzy_match,shortener_or_redirect_domain_host,pending,fuzzy_full_review,42
[新聞] Meta 強化打詐防線，移除 780 萬則鎖定台灣的詐騙廣告,https://www.ptt.cc/bbs/Bunco/M.1766576351.A.BF7.html,Wed Dec 24 19:39:06 2025,https://reurl.cc/EbW8vg,reurl.cc/ebw8vg,,fuzzy_match,shortener_or_redirect_domain_host,pending,fuzzy_full_review,42
[新聞] Meta打詐不力？傳內部估10%營收來自詐騙,https://www.ptt.cc/bbs/Bunco/M.1762480865.A.A68.html,Fri Nov  7 10:01:01 2025,https://reurl.cc/R96Dgn,reurl.cc/r96dgn,,fuzzy_match,shortener_or_redirect_domain_host,pending,fuzzy_full_review,42
[新聞] 「一頁式詐騙」氾濫鎖定年輕人　新北警籲,https://www.ptt.cc/bbs/Bunco/M.1752218276.A.0DF.html,Fri Jul 11 15:17:53 2025,https://reurl.cc/WOLZmL,reurl.cc/wolzml,,fuzzy_match,shortener_or_redirect_domain_host,pending,fuzzy_full_review,42
[新聞] 「要命」感情詐騙！烏克蘭士兵與網戀女約見面　險遭炸死,https://www.ptt.cc/bbs/Bunco/M.1751093227.A.74E.html,Sat Jun 28 14:47:03 2025,https://reurl.cc/nmWglv,reurl.cc/nmwglv,,fuzzy_match,shortener_or_redirect_domain_host,pending,fuzzy_full_review,42
[新聞] 一週19億蒸發！最新詐騙手法曝 樓下鄰居,https://www.ptt.cc/bbs/Bunco/M.1751226114.A.CFF.html,Mon Jun 30 03:41:50 2025,https://reurl.cc/DqN6GQ,reurl.cc/dqn6gq,,fuzzy_match,shortener_or_redirect_domain_host,pending,fuzzy_full_review,42
[新聞] 不甘幾千萬被騙 乾脆下海幫詐騙,https://www.ptt.cc/bbs/Bunco/M.1280279164.A.2C7.html,Wed Jul 28 09:06:01 2010,http://ppt.cc/g5O7,ppt.cc/g5o7,,fuzzy_match,shortener_or_redirect_domain_host,pending,fuzzy_full_review,42
[新聞] 中國教授被騙1200多萬　警逮台6車手,https://www.ptt.cc/bbs/Bunco/M.1348931853.A.A7A.html,Sat Sep 29 23:17:31 2012,http://0rz.tw/fnRSS,0rz.tw/fnrss,,fuzzy_match,shortener_or_redirect_domain_host,pending,fuzzy_full_review,42
[新聞] 今年84％詐騙案都Meta平台！打詐中心4方,https://www.ptt.cc/bbs/Bunco/M.1779496262.A.FBC.html,Sat May 23 08:30:58 2026,https://reurl.cc/epoVnM,reurl.cc/epovnm,,fuzzy_match,shortener_or_redirect_domain_host,pending,fuzzy_full_review,42
[新聞] 倫敦詐騙犯因價值55億英鎊被判入獄,https://www.ptt.cc/bbs/Bunco/M.1762922329.A.7E7.html,Wed Nov 12 12:38:44 2025,https://reurl.cc/ORk6Q7,reurl.cc/ork6q7,,fuzzy_match,shortener_or_redirect_domain_host,pending,fuzzy_full_review,42
[新聞] 倫敦詐騙犯因價值55億英鎊被判入獄,https://www.ptt.cc/bbs/Bunco/M.1762922329.A.7E7.html,Wed Nov 12 12:38:44 2025,https://reurl.cc/QV6q65,reurl.cc/qv6q65,,fuzzy_match,shortener_or_redirect_domain_host,pending,fuzzy_full_review,42
[新聞] 假借12強紀念幣詐騙！央行點名4個關鍵字,https://www.ptt.cc/bbs/Bunco/M.1750812047.A.7CB.html,Wed Jun 25 08:40:44 2025,https://reurl.cc/VYKYYy,reurl.cc/vykyyy,,fuzzy_match,shortener_or_redirect_domain_host,pending,fuzzy_full_review,42
[新聞] 假冒公權力！新加坡爆「假官員」詐騙潮　半年騙走1.5億台幣,https://www.ptt.cc/bbs/Bunco/M.1751685999.A.37C.html,Sat Jul  5 11:26:36 2025,https://reurl.cc/2Q46O9,reurl.cc/2q46o9,,fuzzy_match,shortener_or_redirect_domain_host,pending,fuzzy_full_review,42
[新聞] 假出金集團詐騙逾157億 查出2律師涉案,https://www.ptt.cc/bbs/Bunco/M.1750776540.A.BA3.html,Tue Jun 24 22:48:57 2025,https://reurl.cc/xNdvEZ,reurl.cc/xndvez,,fuzzy_match,shortener_or_redirect_domain_host,pending,fuzzy_full_review,42
[新聞] 假寄鞋真寄卡 男子險淪詐騙人頭戶,https://www.ptt.cc/bbs/Bunco/M.1778568846.A.071.html,Tue May 12 14:54:03 2026,https://reurl.cc/2avldm,reurl.cc/2avldm,,fuzzy_match,shortener_or_redirect_domain_host,pending,fuzzy_full_review,42
[新聞] 假檢警詐騙6成6被害人逾50歲 平均財損282萬元居冠,https://www.ptt.cc/bbs/Bunco/M.1750524092.A.D3B.html,Sun Jun 22 00:41:28 2025,https://reurl.cc/4LZoj3,reurl.cc/4lzoj3,,fuzzy_match,shortener_or_redirect_domain_host,pending,fuzzy_full_review,42
[新聞] 凱基金員工勾結詐騙盜取3億元匯出海外,https://www.ptt.cc/bbs/Bunco/M.1763520343.A.C2C.html,Wed Nov 19 10:45:39 2025,https://reurl.cc/MMNN0n,reurl.cc/mmnn0n,,fuzzy_match,shortener_or_redirect_domain_host,pending,fuzzy_full_review,42
[新聞] 刑事局追出14家物流與中詐騙合作 附清單,https://www.ptt.cc/bbs/Bunco/M.1767231674.A.886.html,Thu Jan  1 09:41:11 2026,https://reurl.cc/k8QOXb,reurl.cc/k8qoxb,,fuzzy_match,shortener_or_redirect_domain_host,pending,fuzzy_full_review,42
[新聞] 加密貨幣 ATM 機成詐騙新工具：2.8 萬網,https://www.ptt.cc/bbs/Bunco/M.1764143729.A.86E.html,Wed Nov 26 15:55:26 2025,https://reurl.cc/laD5gd,reurl.cc/lad5gd,,fuzzy_match,shortener_or_redirect_domain_host,pending,fuzzy_full_review,42
[新聞] 又是賣貨便假連結！買88元提拉米蘇遭詐騙,https://www.ptt.cc/bbs/Bunco/M.1762288056.A.D50.html,Wed Nov  5 04:27:33 2025,https://reurl.cc/vK1EXl,reurl.cc/vk1exl,,fuzzy_match,shortener_or_redirect_domain_host,pending,fuzzy_full_review,42
[新聞] 又是黃金詐騙！台中小吃攤父女抵押4間房,https://www.ptt.cc/bbs/Bunco/M.1751708207.A.0B5.html,Sat Jul  5 17:36:44 2025,https://reurl.cc/Mz7MMn,reurl.cc/mz7mmn,,fuzzy_match,shortener_or_redirect_domain_host,pending,fuzzy_full_review,42
[新聞] 台灣成「詐騙練兵場」？志祺七七教三招,https://www.ptt.cc/bbs/Bunco/M.1764665135.A.17C.html,Tue Dec  2 16:45:30 2025,https://reurl.cc/qKrY8y,reurl.cc/qkry8y,,fuzzy_match,shortener_or_redirect_domain_host,pending,fuzzy_full_review,42
[新聞] 囂張！台灣人一年被騙走88億 監院令改善,https://www.ptt.cc/bbs/Bunco/M.1723696152.A.E87.html,Thu Aug 15 12:29:07 2024,https://reurl.cc/Gpolvy,reurl.cc/gpolvy,,fuzzy_match,shortener_or_redirect_domain_host,pending,fuzzy_full_review,42
[新聞] 土城警攜手銀行築防線 成功攔阻逾億詐騙,https://www.ptt.cc/bbs/Bunco/M.1761726712.A.EC8.html,Wed Oct 29 16:31:48 2025,https://reurl.cc/zKg0NQ,reurl.cc/zkg0nq,,fuzzy_match,shortener_or_redirect_domain_host,pending,fuzzy_full_review,42
[新聞] 地球村負責人涉詐騙3000萬 找黑幫打人,https://www.ptt.cc/bbs/Bunco/M.1758230603.A.CB2.html,Fri Sep 19 05:23:13 2025,https://reurl.cc/ekoRAb,reurl.cc/ekorab,,fuzzy_match,shortener_or_redirect_domain_host,pending,fuzzy_full_review,42
[新聞] 外媒爆：Meta 一年從詐騙廣告可賺 160 億,https://www.ptt.cc/bbs/Bunco/M.1762601065.A.39D.html,Sat Nov  8 19:24:21 2025,https://reurl.cc/Ebn2G0,reurl.cc/ebn2g0,,fuzzy_match,shortener_or_redirect_domain_host,pending,fuzzy_full_review,42
[新聞] 多明尼加人冒充孫子 加州等5州400名祖父母被騙走500萬,https://www.ptt.cc/bbs/Bunco/M.1755082641.A.088.html,Wed Aug 13 18:57:18 2025,https://reurl.cc/1Ov56p,reurl.cc/1ov56p,,fuzzy_match,shortener_or_redirect_domain_host,pending,fuzzy_full_review,42
[新聞] 太子集團跨國詐騙，10家銀行被金檢！,https://www.ptt.cc/bbs/Bunco/M.1762922225.A.59F.html,Wed Nov 12 12:36:59 2025,https://reurl.cc/nl5pp1,reurl.cc/nl5pp1,,fuzzy_match,shortener_or_redirect_domain_host,pending,fuzzy_full_review,42
[新聞] 女大生揪團 被騙63萬,https://www.ptt.cc/bbs/Bunco/M.1358730180.A.B46.html,Mon Jan 21 09:02:57 2013,http://ppt.cc/kOJV,ppt.cc/kojv,,fuzzy_match,shortener_or_redirect_domain_host,pending,fuzzy_full_review,42
[新聞] 小六女被騙3200元 超商店員機警救了她,https://www.ptt.cc/bbs/Bunco/M.1751353672.A.7C3.html,Tue Jul  1 15:07:48 2025,https://reurl.cc/aepKKl,reurl.cc/aepkkl,,fuzzy_match,shortener_or_redirect_domain_host,pending,fuzzy_full_review,42
[新聞] 帝寶貴婦涉多起詐騙 營造商再控連騙4億,https://www.ptt.cc/bbs/Bunco/M.1750425782.A.220.html,Fri Jun 20 21:22:59 2025,https://reurl.cc/NYVj55,reurl.cc/nyvj55,,fuzzy_match,shortener_or_redirect_domain_host,pending,fuzzy_full_review,42
[新聞] 情侶檔涉組詐騙機房被通緝 警強勢攻堅,https://www.ptt.cc/bbs/Bunco/M.1769177362.A.21F.html,Fri Jan 23 22:09:19 2026,https://reurl.cc/Eb0QzA,reurl.cc/eb0qza,,fuzzy_match,shortener_or_redirect_domain_host,pending,fuzzy_full_review,42
[新聞] 慘遭熟人詐騙 買境外保單虧千萬,https://www.ptt.cc/bbs/Bunco/M.1752184889.A.A77.html,Fri Jul 11 06:01:26 2025,https://reurl.cc/7VoEay,reurl.cc/7voeay,,fuzzy_match,shortener_or_redirect_domain_host,pending,fuzzy_full_review,42
[新聞] 手機號碼外洩慘噴2萬多塊？最新詐騙手法,https://www.ptt.cc/bbs/Bunco/M.1770092645.A.0FC.html,Tue Feb  3 12:24:02 2026,https://reurl.cc/zKdjvV,reurl.cc/zkdjvv,,fuzzy_match,shortener_or_redirect_domain_host,pending,fuzzy_full_review,42
[新聞] 打擊詐騙 刑事局LINE合作停權7.3萬異常帳,https://www.ptt.cc/bbs/Bunco/M.1750946070.A.E8E.html,Thu Jun 26 21:54:26 2025,https://reurl.cc/paQLlQ,reurl.cc/paqllq,,fuzzy_match,shortener_or_redirect_domain_host,pending,fuzzy_full_review,42
[新聞] 找小孩暑期活動注意 彰化女遇投資詐騙損,https://www.ptt.cc/bbs/Bunco/M.1752901687.A.9D9.html,Sat Jul 19 13:08:04 2025,https://reurl.cc/rY1nvy,reurl.cc/ry1nvy,,fuzzy_match,shortener_or_redirect_domain_host,pending,fuzzy_full_review,42
[新聞] 拒絕旁觀！網路詐騙通報查詢網展現公私協,https://www.ptt.cc/bbs/Bunco/M.1785642415.A.270.html,Sun Aug  2 11:46:50 2026,https://pse.is/9erwbk,pse.is/9erwbk,,fuzzy_match,shortener_or_redirect_domain_host,pending,fuzzy_full_review,42
[新聞] 拒絕旁觀！網路詐騙通報查詢網展現公私協,https://www.ptt.cc/bbs/Bunco/M.1785642415.A.270.html,Sun Aug  2 11:46:50 2026,https://pse.is/9erwg9,pse.is/9erwg9,,fuzzy_match,shortener_or_redirect_domain_host,pending,fuzzy_full_review,42
[新聞] 接到1通電話快掛斷！詐騙新招「假冒台水,https://www.ptt.cc/bbs/Bunco/M.1755465894.A.D10.html,Mon Aug 18 05:24:50 2025,https://reurl.cc/Qa56rb,reurl.cc/qa56rb,,fuzzy_match,shortener_or_redirect_domain_host,pending,fuzzy_full_review,42
[新聞] 數發部新一週詐騙態樣 電商近期被冒用,https://www.ptt.cc/bbs/Bunco/M.1750293750.A.393.html,Thu Jun 19 08:42:27 2025,https://reurl.cc/8DKo8g,reurl.cc/8dko8g,,fuzzy_match,shortener_or_redirect_domain_host,pending,fuzzy_full_review,42
[新聞] 新型行事曆詐騙 青壯族中招率高過長者,https://www.ptt.cc/bbs/Bunco/M.1755009538.A.819.html,Tue Aug 12 22:38:55 2025,https://reurl.cc/QaRVab,reurl.cc/qarvab,,fuzzy_match,shortener_or_redirect_domain_host,pending,fuzzy_full_review,42
[新聞] 暑假打工注意！詐騙話術曝 這3字最難察覺,https://www.ptt.cc/bbs/Bunco/M.1750649361.A.84C.html,Mon Jun 23 11:29:17 2025,https://reurl.cc/eM1ZRj,reurl.cc/em1zrj,,fuzzy_match,shortener_or_redirect_domain_host,pending,fuzzy_full_review,42
[新聞] 暑假親子免費體驗活動廣告？引至LINE詐騙,https://www.ptt.cc/bbs/Bunco/M.1751242895.A.4C9.html,Mon Jun 30 08:21:31 2025,https://reurl.cc/gRg8Np,reurl.cc/grg8np,,fuzzy_match,shortener_or_redirect_domain_host,pending,fuzzy_full_review,42
[新聞] 最大宗詐騙案 蘇有朋、李登輝愛女都栽了,https://www.ptt.cc/bbs/Bunco/M.1752716849.A.568.html,Thu Jul 17 09:47:26 2025,https://reurl.cc/0Wjbml,reurl.cc/0wjbml,,fuzzy_match,shortener_or_redirect_domain_host,pending,fuzzy_full_review,42
[新聞] 最新LINE詐騙手法曝光！ 錯過1事救不回,https://www.ptt.cc/bbs/Bunco/M.1752923486.A.96F.html,Sat Jul 19 19:11:23 2025,https://reurl.cc/yAe0QO,reurl.cc/yae0qo,,fuzzy_match,shortener_or_redirect_domain_host,pending,fuzzy_full_review,42
[新聞] 本周台人被騙24億！幫親友投票登Line被盜,https://www.ptt.cc/bbs/Bunco/M.1750036775.A.6E8.html,Mon Jun 16 09:19:31 2025,https://reurl.cc/1K9anV,reurl.cc/1k9anv,,fuzzy_match,shortener_or_redirect_domain_host,pending,fuzzy_full_review,42
[新聞] 柬埔寨詐騙園區多家公司突解散！現場曝光,https://www.ptt.cc/bbs/Bunco/M.1760614482.A.6CF.html,Thu Oct 16 19:34:37 2025,https://reurl.cc/1OyZWW,reurl.cc/1oyzww,,fuzzy_match,shortener_or_redirect_domain_host,pending,fuzzy_full_review,42
[新聞] 柬埔寨詐騙組織遭美起訴 9台灣公司被制裁,https://www.ptt.cc/bbs/Bunco/M.1760493916.A.88D.html,Wed Oct 15 10:05:13 2025,https://reurl.cc/oYnyO5,reurl.cc/oynyo5,,fuzzy_match,shortener_or_redirect_domain_host,pending,fuzzy_full_review,42
[新聞] 棺材本全沒了！8旬翁提款11次被騙千萬,https://www.ptt.cc/bbs/Bunco/M.1741782290.A.B67.html,Wed Mar 12 20:24:47 2025,https://reurl.cc/aZp6p4,reurl.cc/azp6p4,,fuzzy_match,shortener_or_redirect_domain_host,pending,fuzzy_full_review,42
[新聞] 欠50元停車費遭詐19萬！女星再遇詐騙,https://www.ptt.cc/bbs/Bunco/M.1750212929.A.BCB.html,Wed Jun 18 10:15:24 2025,https://reurl.cc/nma3rd,reurl.cc/nma3rd,,fuzzy_match,shortener_or_redirect_domain_host,pending,fuzzy_full_review,42
[新聞] 求職變詐騙 宜警迅速逮捕車手,https://www.ptt.cc/bbs/Bunco/M.1750859344.A.3C9.html,Wed Jun 25 21:49:01 2025,https://reurl.cc/VYKVGZ,reurl.cc/vykvgz,,fuzzy_match,shortener_or_redirect_domain_host,pending,fuzzy_full_review,42
[新聞] 涉勾結詐騙集團洩密起訴 網紅「仙塔律師,https://www.ptt.cc/bbs/Bunco/M.1763420914.A.71D.html,Tue Nov 18 07:08:31 2025,https://reurl.cc/LQmgba,reurl.cc/lqmgba,,fuzzy_match,shortener_or_redirect_domain_host,pending,fuzzy_full_review,42
[新聞] 滲透班級群組 家長刷卡1900元後驚覺被騙,https://www.ptt.cc/bbs/Bunco/M.1723358776.A.B42.html,Sun Aug 11 14:46:13 2024,https://reurl.cc/kyZ4bx,reurl.cc/kyz4bx,,fuzzy_match,shortener_or_redirect_domain_host,pending,fuzzy_full_review,42
[新聞] 無法辨識舊詐騙手法，AI 瀏覽器或成罪犯的好夥伴,https://www.ptt.cc/bbs/Bunco/M.1755962559.A.2AA.html,Sat Aug 23 23:22:37 2025,https://reurl.cc/2QQ7d9,reurl.cc/2qq7d9,,fuzzy_match,shortener_or_redirect_domain_host,pending,fuzzy_full_review,42
[新聞] 無法辨識舊詐騙手法，AI 瀏覽器或成罪犯的好夥伴,https://www.ptt.cc/bbs/Bunco/M.1755962559.A.2AA.html,Sat Aug 23 23:22:37 2025,https://reurl.cc/jrrVnL,reurl.cc/jrrvnl,,fuzzy_match,shortener_or_redirect_domain_host,pending,fuzzy_full_review,42
[新聞] 破獲詐騙集團假投資虛擬貨幣查扣逾千萬,https://www.ptt.cc/bbs/Bunco/M.1758231085.A.DFA.html,Fri Sep 19 05:31:21 2025,https://reurl.cc/89VER4,reurl.cc/89ver4,,fuzzy_match,shortener_or_redirect_domain_host,pending,fuzzy_full_review,42
[新聞] 租屋詐騙新變種破解 3招破解假房東,https://www.ptt.cc/bbs/Bunco/M.1780049324.A.589.html,Fri May 29 18:08:40 2026,https://reurl.cc/Q2kM2o,reurl.cc/q2km2o,,fuzzy_match,shortener_or_redirect_domain_host,pending,fuzzy_full_review,42
[新聞] 約女網友見面要付保證金 女子傻傻被騙80,https://www.ptt.cc/bbs/Bunco/M.1599360494.A.C4B.html,Sun Sep  6 10:48:13 2020,https://bit.ly/2GpIpAn,bit.ly/2gpipan,,fuzzy_match,shortener_or_redirect_domain_host,pending,fuzzy_full_review,42
[新聞] 經濟部攜手4大超商 詐騙包裹退貨率逾6成,https://www.ptt.cc/bbs/Bunco/M.1774923118.A.A23.html,Tue Mar 31 10:11:51 2026,https://reurl.cc/DxXDj6,reurl.cc/dxxdj6,,fuzzy_match,shortener_or_redirect_domain_host,pending,fuzzy_full_review,42
[新聞] 羅浮宮爆門票詐騙！內鬼聯手導遊10年削3.8億 警方逮9人,https://www.ptt.cc/bbs/Bunco/M.1771176569.A.966.html,Mon Feb 16 01:29:27 2026,https://reurl.cc/qKQXVg,reurl.cc/qkqxvg,,fuzzy_match,shortener_or_redirect_domain_host,pending,fuzzy_full_review,42
[新聞] 處理詐騙案律師遭詐上千萬元 專家揭示三,https://www.ptt.cc/bbs/Bunco/M.1764142879.A.519.html,Wed Nov 26 15:41:13 2025,https://reurl.cc/eVDEqK,reurl.cc/evdeqk,,fuzzy_match,shortener_or_redirect_domain_host,pending,fuzzy_full_review,42
[新聞] 被騙6千多萬 第14次領1千多萬被行員擋下,https://www.ptt.cc/bbs/Bunco/M.1761876555.A.E96.html,Fri Oct 31 10:09:08 2025,https://reurl.cc/Vmaoe5,reurl.cc/vmaoe5,,fuzzy_match,shortener_or_redirect_domain_host,pending,fuzzy_full_review,42
[新聞] 詐團假冒股市名人艾蜜莉 5人被騙510萬,https://www.ptt.cc/bbs/Bunco/M.1718943543.A.EAC.html,Fri Jun 21 12:18:58 2024,https://reurl.cc/YEr6jX,reurl.cc/yer6jx,,fuzzy_match,shortener_or_redirect_domain_host,pending,fuzzy_full_review,42
[新聞] 詐騙園區又逮32台人 柬掃蕩百日抓3千人,https://www.ptt.cc/bbs/Bunco/M.1762394715.A.C82.html,Thu Nov  6 10:05:12 2025,https://reurl.cc/la0VjA,reurl.cc/la0vja,,fuzzy_match,shortener_or_redirect_domain_host,pending,fuzzy_full_review,42
[新聞] 詐騙帝國崩壞！價值45億豪宅名車全被扣,https://www.ptt.cc/bbs/Bunco/M.1762480758.A.054.html,Fri Nov  7 09:59:15 2025,https://reurl.cc/la0XME,reurl.cc/la0xme,,fuzzy_match,shortener_or_redirect_domain_host,pending,fuzzy_full_review,42
[新聞] 詐騙新招！女大生被騙走27萬 醫師也上當,https://www.ptt.cc/bbs/Bunco/M.1753257853.A.64A.html,Wed Jul 23 16:04:10 2025,https://reurl.cc/WOrd3x,reurl.cc/word3x,,fuzzy_match,shortener_or_redirect_domain_host,pending,fuzzy_full_review,42
[新聞] 詐騙橫行 全台上萬超商成重災區,https://www.ptt.cc/bbs/Bunco/M.1770092371.A.A87.html,Tue Feb  3 12:19:11 2026,https://reurl.cc/GG3R1Z,reurl.cc/gg3r1z,,fuzzy_match,shortener_or_redirect_domain_host,pending,fuzzy_full_review,42
[新聞] 誤信投資詐騙被騙2145萬 埔里逮車手,https://www.ptt.cc/bbs/Bunco/M.1716890059.A.E33.html,Tue May 28 17:54:16 2024,https://reurl.cc/GjG68G,reurl.cc/gjg68g,,fuzzy_match,shortener_or_redirect_domain_host,pending,fuzzy_full_review,42
[新聞] 誤信投資詐騙賺2000賠200萬 「會計復仇」,https://www.ptt.cc/bbs/Bunco/M.1765870626.A.ED4.html,Tue Dec 16 15:37:02 2025,https://reurl.cc/ZlNkYV,reurl.cc/zlnkyv,,fuzzy_match,shortener_or_redirect_domain_host,pending,fuzzy_full_review,42
[新聞] 辦英國旅遊憑證誤上詐騙網 機場刷1萬4,https://www.ptt.cc/bbs/Bunco/M.1750686630.A.703.html,Mon Jun 23 21:50:27 2025,https://reurl.cc/xNn5Rb,reurl.cc/xnn5rb,,fuzzy_match,shortener_or_redirect_domain_host,pending,fuzzy_full_review,42
[新聞] 農會匯款20萬元，68歲婦人險被假兒子詐騙,https://www.ptt.cc/bbs/Bunco/M.1747404387.A.4FD.html,Fri May 16 22:06:24 2025,https://reurl.cc/M3GqKn,reurl.cc/m3gqkn,,fuzzy_match,shortener_or_redirect_domain_host,pending,fuzzy_full_review,42
[新聞] 遊戲點數易成詐騙溫床　業者：強化金流備援風控,https://www.ptt.cc/bbs/Bunco/M.1753271865.A.F18.html,Wed Jul 23 19:57:42 2025,https://reurl.cc/pY1xRe,reurl.cc/py1xre,,fuzzy_match,shortener_or_redirect_domain_host,pending,fuzzy_full_review,42
[新聞] 防止「愛情詐騙」 約會網站試行人臉辨識安全功能,https://www.ptt.cc/bbs/Bunco/M.1752335730.A.B59.html,Sat Jul 12 23:55:26 2025,https://reurl.cc/A3g8le,reurl.cc/a3g8le,,fuzzy_match,shortener_or_redirect_domain_host,pending,fuzzy_full_review,42
[新聞] 陷普發詐騙 台北婦接一通電話被騙300萬,https://www.ptt.cc/bbs/Bunco/M.1762394545.A.4A2.html,Thu Nov  6 10:02:22 2025,https://reurl.cc/xKgZ4z,reurl.cc/xkgz4z,,fuzzy_match,shortener_or_redirect_domain_host,pending,fuzzy_full_review,42
[新聞] 韓媒：台灣成詐騙集團試驗場 年騙500億,https://www.ptt.cc/bbs/Bunco/M.1758230705.A.B58.html,Fri Sep 19 05:25:00 2025,https://reurl.cc/Nxov9e,reurl.cc/nxov9e,,fuzzy_match,shortener_or_redirect_domain_host,pending,fuzzy_full_review,42
[新聞] 騙23貴婦狂撈上億元！最慘苦主被騙1億,https://www.ptt.cc/bbs/Bunco/M.1756938174.A.CBD.html,Thu Sep  4 06:22:51 2025,https://reurl.cc/kokejq,reurl.cc/kokejq,,fuzzy_match,shortener_or_redirect_domain_host,pending,fuzzy_full_review,42
[新聞] 騙光5億元！越南建案「大規模詐騙」　重複銷售又假授權,https://www.ptt.cc/bbs/Bunco/M.1754055940.A.CC6.html,Fri Aug  1 21:45:37 2025,https://reurl.cc/0WEGAo,reurl.cc/0wegao,,fuzzy_match,shortener_or_redirect_domain_host,pending,fuzzy_full_review,42
[網路] 網路接案插畫家分享，防止三方詐騙經驗,https://www.ptt.cc/bbs/Bunco/M.1751859754.A.33F.html,Mon Jul  7 11:42:31 2025,https://reurl.cc/OmbW3r,reurl.cc/ombw3r,,fuzzy_match,shortener_or_redirect_domain_host,pending,fuzzy_full_review,42
[網路] 電腦螢幕便宜$1K~2K  已被騙,https://www.ptt.cc/bbs/Bunco/M.1347809913.A.82E.html,Sun Sep 16 23:38:30 2012,http://0rz.tw/G5oKU,0rz.tw/g5oku,,fuzzy_match,shortener_or_redirect_domain_host,pending,fuzzy_full_review,42
[網路] 露天拍賣被騙,https://www.ptt.cc/bbs/Bunco/M.1323237675.A.BA2.html,Wed Dec  7 14:01:13 2011,http://ppt.cc/Wk@-,ppt.cc/wk@-,,fuzzy_match,shortener_or_redirect_domain_host,pending,fuzzy_full_review,42
[資訊] 假冒NCC詐騙，威脅斷訊恐為詐騙,https://www.ptt.cc/bbs/Bunco/M.1763761896.A.8C0.html,Sat Nov 22 05:51:31 2025,https://reurl.cc/W8qydx,reurl.cc/w8qydx,,fuzzy_match,shortener_or_redirect_domain_host,pending,fuzzy_full_review,42
[資訊] 您已中獎載具須歸戶填個資？小心詐騙,https://www.ptt.cc/bbs/Bunco/M.1760603597.A.763.html,Thu Oct 16 16:33:13 2025,https://reurl.cc/GNWd2G,reurl.cc/gnwd2g,,fuzzy_match,shortener_or_redirect_domain_host,pending,fuzzy_full_review,42
[資訊] 您已中獎載具須歸戶填個資？小心詐騙,https://www.ptt.cc/bbs/Bunco/M.1760603597.A.763.html,Thu Oct 16 16:33:13 2025,https://reurl.cc/GNWdWZ,reurl.cc/gnwdwz,,fuzzy_match,shortener_or_redirect_domain_host,pending,fuzzy_full_review,42
[資訊] 歐告娃娃的一頁式詐騙廣告 請勿上當,https://www.ptt.cc/bbs/Bunco/M.1773639786.A.C63.html,Mon Mar 16 13:43:02 2026,https://reurl.cc/mpqaLl,reurl.cc/mpqall,,fuzzy_match,shortener_or_redirect_domain_host,pending,fuzzy_full_review,42
[資訊] 歐告娃娃的一頁式詐騙廣告 請勿上當,https://www.ptt.cc/bbs/Bunco/M.1773639786.A.C63.html,Mon Mar 16 13:43:02 2026,https://reurl.cc/dpVRxM,reurl.cc/dpvrxm,,fuzzy_match,shortener_or_redirect_domain_host,pending,fuzzy_full_review,42
[資訊] 疑似詐騙包裹勿領 脆上小七店員整理名單,https://www.ptt.cc/bbs/Bunco/M.1752848226.A.CF5.html,Fri Jul 18 22:17:02 2025,https://reurl.cc/qY1pAg,reurl.cc/qy1pag,,fuzzy_match,shortener_or_redirect_domain_host,pending,fuzzy_full_review,42
[資訊] 疑似詐騙包裹勿領 脆上小七店員整理名單,https://www.ptt.cc/bbs/Bunco/M.1752848226.A.CF5.html,Fri Jul 18 22:17:02 2025,https://reurl.cc/Qa62AZ,reurl.cc/qa62az,,fuzzy_match,shortener_or_redirect_domain_host,pending,fuzzy_full_review,42
[資訊] 發票中獎詐騙郵件頻傳，別點擊信中假連結,https://www.ptt.cc/bbs/Bunco/M.1779427842.A.E21.html,Fri May 22 13:30:37 2026,https://reurl.cc/bdoEj6,reurl.cc/bdoej6,,fuzzy_match,shortener_or_redirect_domain_host,pending,fuzzy_full_review,42
[問題] 我好像遇到詐騙了...Orolay外套,https://www.ptt.cc/bbs/e-shopping/M.1515746023.A.E9D.html,Fri Jan 12 16:33:39 2018,https://goo.gl/p2HUsv,goo.gl/p2husv,,fuzzy_match,shortener_or_redirect_domain_host,pending,fuzzy_full_review,42
[問題] 我好像遇到詐騙了...Orolay外套,https://www.ptt.cc/bbs/e-shopping/M.1515746023.A.E9D.html,Fri Jan 12 16:33:39 2018,https://goo.gl/VqsSEB,goo.gl/vqsseb,,fuzzy_match,shortener_or_redirect_domain_host,pending,fuzzy_full_review,42
[問題] 樂天結帳刷卡匯款都不行？,https://www.ptt.cc/bbs/e-shopping/M.1537435915.A.0AC.html,Thu Sep 20 17:31:52 2018,https://goo.gl/F7YqgN,goo.gl/f7yqgn,,fuzzy_match,shortener_or_redirect_domain_host,pending,fuzzy_full_review,42
[問題] 請問這是詐騙一頁式購物網頁嗎,https://www.ptt.cc/bbs/e-shopping/M.1618559825.A.AEB.html,Fri Apr 16 15:57:03 2021,https://reurl.cc/nnbx22,reurl.cc/nnbx22,,fuzzy_match,shortener_or_redirect_domain_host,pending,fuzzy_full_review,42
[問題] 請問這是詐騙一頁式購物網頁嗎,https://www.ptt.cc/bbs/e-shopping/M.1618559825.A.AEB.html,Fri Apr 16 15:57:03 2021,https://reurl.cc/o9bmbv,reurl.cc/o9bmbv,,fuzzy_match,shortener_or_redirect_domain_host,pending,fuzzy_full_review,42
[問題] 遇到詐騙了 想用QQ發紅包,https://www.ptt.cc/bbs/e-shopping/M.1526034320.A.B58.html,Fri May 11 18:25:14 2018,https://goo.gl/kvdk91,goo.gl/kvdk91,,fuzzy_match,shortener_or_redirect_domain_host,pending,fuzzy_full_review,42
[心得] FB上購買商品 一頁網站（詐騙）,https://www.ptt.cc/bbs/e-shopping/M.1490437375.A.111.html,Sat Mar 25 18:22:47 2017,http://tinyurl.com/kjkl2p4,tinyurl.com/kjkl2p4,,fuzzy_match,shortener_or_redirect_domain_host,pending,fuzzy_full_review,42
[心得] 假三花棉業（Fb詐騙）冰絲無痕背心式內衣,https://www.ptt.cc/bbs/e-shopping/M.1654100745.A.544.html,Thu Jun  2 00:25:40 2022,https://bit.ly/39ocUFr,bit.ly/39ocufr,,fuzzy_match,shortener_or_redirect_domain_host,pending,fuzzy_full_review,42
[情報] 日貨賣家匯款單系統關於我家族網址彙整,https://www.ptt.cc/bbs/e-shopping/M.1243321023.A.40B.html,Tue May 26 14:57:01 2009,http://0rz.tw/V0C1l,0rz.tw/v0c1l,,fuzzy_match,shortener_or_redirect_domain_host,pending,fuzzy_full_review,42
[情報] 日貨賣家匯款單系統關於我家族網址彙整,https://www.ptt.cc/bbs/e-shopping/M.1243321023.A.40B.html,Tue May 26 14:57:01 2009,http://0rz.tw/PScOf,0rz.tw/pscof,,fuzzy_match,shortener_or_redirect_domain_host,pending,fuzzy_full_review,42
[情報] 日貨賣家匯款單系統關於我家族網址彙整,https://www.ptt.cc/bbs/e-shopping/M.1243321023.A.40B.html,Tue May 26 14:57:01 2009,http://0rz.tw/wuV7B,0rz.tw/wuv7b,,fuzzy_match,shortener_or_redirect_domain_host,pending,fuzzy_full_review,42
[情報] 日貨賣家匯款單系統關於我家族網址彙整,https://www.ptt.cc/bbs/e-shopping/M.1243321023.A.40B.html,Tue May 26 14:57:01 2009,http://0rz.tw/b44Km,0rz.tw/b44km,,fuzzy_match,shortener_or_redirect_domain_host,pending,fuzzy_full_review,42
[情報] 日貨賣家匯款單系統關於我家族網址彙整,https://www.ptt.cc/bbs/e-shopping/M.1243321023.A.40B.html,Tue May 26 14:57:01 2009,http://0rz.tw/OCFqF,0rz.tw/ocfqf,,fuzzy_match,shortener_or_redirect_domain_host,pending,fuzzy_full_review,42
[情報] 日貨賣家匯款單系統關於我家族網址彙整,https://www.ptt.cc/bbs/e-shopping/M.1243321023.A.40B.html,Tue May 26 14:57:01 2009,http://0rz.tw/UEJit,0rz.tw/uejit,,fuzzy_match,shortener_or_redirect_domain_host,pending,fuzzy_full_review,42
[情報] 日貨賣家匯款單系統關於我家族網址彙整,https://www.ptt.cc/bbs/e-shopping/M.1243321023.A.40B.html,Tue May 26 14:57:01 2009,http://0rz.tw/114G9,0rz.tw/114g9,,fuzzy_match,shortener_or_redirect_domain_host,pending,fuzzy_full_review,42
[情報] 日貨賣家匯款單系統關於我家族網址彙整,https://www.ptt.cc/bbs/e-shopping/M.1243321023.A.40B.html,Tue May 26 14:57:01 2009,http://0rz.tw/QwN9q,0rz.tw/qwn9q,,fuzzy_match,shortener_or_redirect_domain_host,pending,fuzzy_full_review,42
[情報] 日貨賣家匯款單系統關於我家族網址彙整,https://www.ptt.cc/bbs/e-shopping/M.1243321023.A.40B.html,Tue May 26 14:57:01 2009,http://0rz.tw/324AU,0rz.tw/324au,,fuzzy_match,shortener_or_redirect_domain_host,pending,fuzzy_full_review,42
[情報] 日貨賣家匯款單系統關於我家族網址彙整,https://www.ptt.cc/bbs/e-shopping/M.1243321023.A.40B.html,Tue May 26 14:57:01 2009,http://0rz.tw/d54NN,0rz.tw/d54nn,,fuzzy_match,shortener_or_redirect_domain_host,pending,fuzzy_full_review,42
[情報] 日貨賣家匯款單系統關於我家族網址彙整,https://www.ptt.cc/bbs/e-shopping/M.1243321023.A.40B.html,Tue May 26 14:57:01 2009,http://0rz.tw/cQHhd,0rz.tw/cqhhd,,fuzzy_match,shortener_or_redirect_domain_host,pending,fuzzy_full_review,42
[情報] 日貨賣家匯款單系統關於我家族網址彙整,https://www.ptt.cc/bbs/e-shopping/M.1243321023.A.40B.html,Tue May 26 14:57:01 2009,http://0rz.tw/9K2n6,0rz.tw/9k2n6,,fuzzy_match,shortener_or_redirect_domain_host,pending,fuzzy_full_review,42
[情報] 日貨賣家匯款單系統關於我家族網址彙整,https://www.ptt.cc/bbs/e-shopping/M.1243321023.A.40B.html,Tue May 26 14:57:01 2009,http://0rz.tw/XYroN,0rz.tw/xyron,,fuzzy_match,shortener_or_redirect_domain_host,pending,fuzzy_full_review,42
[情報] 日貨賣家匯款單系統關於我家族網址彙整,https://www.ptt.cc/bbs/e-shopping/M.1243321023.A.40B.html,Tue May 26 14:57:01 2009,http://0rz.tw/TJjSi,0rz.tw/tjjsi,,fuzzy_match,shortener_or_redirect_domain_host,pending,fuzzy_full_review,42
[情報] 日貨賣家匯款單系統關於我家族網址彙整,https://www.ptt.cc/bbs/e-shopping/M.1243321023.A.40B.html,Tue May 26 14:57:01 2009,http://0rz.tw/f64O1,0rz.tw/f64o1,,fuzzy_match,shortener_or_redirect_domain_host,pending,fuzzy_full_review,42
[情報] 日貨賣家匯款單系統關於我家族網址彙整,https://www.ptt.cc/bbs/e-shopping/M.1243321023.A.40B.html,Tue May 26 14:57:01 2009,http://0rz.tw/a63la,0rz.tw/a63la,,fuzzy_match,shortener_or_redirect_domain_host,pending,fuzzy_full_review,42
[情報] 日貨賣家匯款單系統關於我家族網址彙整,https://www.ptt.cc/bbs/e-shopping/M.1243321023.A.40B.html,Tue May 26 14:57:01 2009,http://0rz.tw/1unXb,0rz.tw/1unxb,,fuzzy_match,shortener_or_redirect_domain_host,pending,fuzzy_full_review,42
[情報] 日貨賣家匯款單系統關於我家族網址彙整,https://www.ptt.cc/bbs/e-shopping/M.1243321023.A.40B.html,Tue May 26 14:57:01 2009,http://0rz.tw/cTPPA,0rz.tw/ctppa,,fuzzy_match,shortener_or_redirect_domain_host,pending,fuzzy_full_review,42
[情報] 日貨賣家匯款單系統關於我家族網址彙整,https://www.ptt.cc/bbs/e-shopping/M.1243321023.A.40B.html,Tue May 26 14:57:01 2009,http://0rz.tw/df44b,0rz.tw/df44b,,fuzzy_match,shortener_or_redirect_domain_host,pending,fuzzy_full_review,42
[情報] 日貨賣家匯款單系統關於我家族網址彙整,https://www.ptt.cc/bbs/e-shopping/M.1243321023.A.40B.html,Tue May 26 14:57:01 2009,http://0rz.tw/405lI,0rz.tw/405li,,fuzzy_match,shortener_or_redirect_domain_host,pending,fuzzy_full_review,42
[情報] 日貨賣家匯款單系統關於我家族網址彙整,https://www.ptt.cc/bbs/e-shopping/M.1243321023.A.40B.html,Tue May 26 14:57:01 2009,http://0rz.tw/sujQ3,0rz.tw/sujq3,,fuzzy_match,shortener_or_redirect_domain_host,pending,fuzzy_full_review,42
[情報] 日貨賣家匯款單系統關於我家族網址彙整,https://www.ptt.cc/bbs/e-shopping/M.1243321023.A.40B.html,Tue May 26 14:57:01 2009,http://0rz.tw/1IwxH,0rz.tw/1iwxh,,fuzzy_match,shortener_or_redirect_domain_host,pending,fuzzy_full_review,42
[情報] 日貨賣家匯款單系統關於我家族網址彙整,https://www.ptt.cc/bbs/e-shopping/M.1243321023.A.40B.html,Tue May 26 14:57:01 2009,http://0rz.tw/eOcEp,0rz.tw/eocep,,fuzzy_match,shortener_or_redirect_domain_host,pending,fuzzy_full_review,42
[情報] 日貨賣家匯款單系統關於我家族網址彙整,https://www.ptt.cc/bbs/e-shopping/M.1243321023.A.40B.html,Tue May 26 14:57:01 2009,http://0rz.tw/RkOI5,0rz.tw/rkoi5,,fuzzy_match,shortener_or_redirect_domain_host,pending,fuzzy_full_review,42
[情報] 日貨賣家匯款單系統關於我家族網址彙整,https://www.ptt.cc/bbs/e-shopping/M.1243321023.A.40B.html,Tue May 26 14:57:01 2009,http://0rz.tw/KQH2H,0rz.tw/kqh2h,,fuzzy_match,shortener_or_redirect_domain_host,pending,fuzzy_full_review,42
[情報] 日貨賣家匯款單系統關於我家族網址彙整,https://www.ptt.cc/bbs/e-shopping/M.1243321023.A.40B.html,Tue May 26 14:57:01 2009,http://0rz.tw/3b4SR,0rz.tw/3b4sr,,fuzzy_match,shortener_or_redirect_domain_host,pending,fuzzy_full_review,42
[情報] 日貨賣家匯款單系統關於我家族網址彙整,https://www.ptt.cc/bbs/e-shopping/M.1243321023.A.40B.html,Tue May 26 14:57:01 2009,http://0rz.tw/494WX,0rz.tw/494wx,,fuzzy_match,shortener_or_redirect_domain_host,pending,fuzzy_full_review,42
[情報] 日貨賣家匯款單系統關於我家族網址彙整,https://www.ptt.cc/bbs/e-shopping/M.1243321023.A.40B.html,Tue May 26 14:57:01 2009,http://0rz.tw/Q6XAa,0rz.tw/q6xaa,,fuzzy_match,shortener_or_redirect_domain_host,pending,fuzzy_full_review,42
[情報] 日貨賣家匯款單系統關於我家族網址彙整,https://www.ptt.cc/bbs/e-shopping/M.1243321023.A.40B.html,Tue May 26 14:57:01 2009,http://0rz.tw/774M7,0rz.tw/774m7,,fuzzy_match,shortener_or_redirect_domain_host,pending,fuzzy_full_review,42
[情報] 日貨賣家匯款單系統關於我家族網址彙整,https://www.ptt.cc/bbs/e-shopping/M.1243321023.A.40B.html,Tue May 26 14:57:01 2009,http://0rz.tw/0vo69,0rz.tw/0vo69,,fuzzy_match,shortener_or_redirect_domain_host,pending,fuzzy_full_review,42
[情報] 日貨賣家匯款單系統關於我家族網址彙整,https://www.ptt.cc/bbs/e-shopping/M.1243321023.A.40B.html,Tue May 26 14:57:01 2009,http://0rz.tw/smyPk,0rz.tw/smypk,,fuzzy_match,shortener_or_redirect_domain_host,pending,fuzzy_full_review,42
[情報] 日貨賣家匯款單系統關於我家族網址彙整,https://www.ptt.cc/bbs/e-shopping/M.1243321023.A.40B.html,Tue May 26 14:57:01 2009,http://0rz.tw/RV8Ss,0rz.tw/rv8ss,,fuzzy_match,shortener_or_redirect_domain_host,pending,fuzzy_full_review,42
[情報] 日貨賣家匯款單系統關於我家族網址彙整,https://www.ptt.cc/bbs/e-shopping/M.1243321023.A.40B.html,Tue May 26 14:57:01 2009,http://0rz.tw/fe4zB,0rz.tw/fe4zb,,fuzzy_match,shortener_or_redirect_domain_host,pending,fuzzy_full_review,42
[情報] 日貨賣家匯款單系統關於我家族網址彙整,https://www.ptt.cc/bbs/e-shopping/M.1243321023.A.40B.html,Tue May 26 14:57:01 2009,http://0rz.tw/cc4zc,0rz.tw/cc4zc,,fuzzy_match,shortener_or_redirect_domain_host,pending,fuzzy_full_review,42
[情報] 日貨賣家匯款單系統關於我家族網址彙整,https://www.ptt.cc/bbs/e-shopping/M.1243321023.A.40B.html,Tue May 26 14:57:01 2009,http://0rz.tw/6VEsR,0rz.tw/6vesr,,fuzzy_match,shortener_or_redirect_domain_host,pending,fuzzy_full_review,42
[情報] 日貨賣家匯款單系統關於我家族網址彙整,https://www.ptt.cc/bbs/e-shopping/M.1243321023.A.40B.html,Tue May 26 14:57:01 2009,http://0rz.tw/m3J1D,0rz.tw/m3j1d,,fuzzy_match,shortener_or_redirect_domain_host,pending,fuzzy_full_review,42
[情報] 日貨賣家匯款單系統關於我家族網址彙整,https://www.ptt.cc/bbs/e-shopping/M.1243321023.A.40B.html,Tue May 26 14:57:01 2009,http://0rz.tw/vBnE4,0rz.tw/vbne4,,fuzzy_match,shortener_or_redirect_domain_host,pending,fuzzy_full_review,42
[情報] 日貨賣家匯款單系統關於我家族網址彙整,https://www.ptt.cc/bbs/e-shopping/M.1243321023.A.40B.html,Tue May 26 14:57:01 2009,http://0rz.tw/835aw,0rz.tw/835aw,,fuzzy_match,shortener_or_redirect_domain_host,pending,fuzzy_full_review,42
[情報] 日貨賣家匯款單系統關於我家族網址彙整,https://www.ptt.cc/bbs/e-shopping/M.1243321023.A.40B.html,Tue May 26 14:57:01 2009,http://0rz.tw/yMToc,0rz.tw/ymtoc,,fuzzy_match,shortener_or_redirect_domain_host,pending,fuzzy_full_review,42
[情報] 日貨賣家匯款單系統關於我家族網址彙整,https://www.ptt.cc/bbs/e-shopping/M.1243321023.A.40B.html,Tue May 26 14:57:01 2009,http://0rz.tw/xaHTf,0rz.tw/xahtf,,fuzzy_match,shortener_or_redirect_domain_host,pending,fuzzy_full_review,42
[情報] 日貨賣家匯款單系統關於我家族網址彙整,https://www.ptt.cc/bbs/e-shopping/M.1243321023.A.40B.html,Tue May 26 14:57:01 2009,http://0rz.tw/634kk,0rz.tw/634kk,,fuzzy_match,shortener_or_redirect_domain_host,pending,fuzzy_full_review,42
[情報] 日貨賣家匯款單系統關於我家族網址彙整,https://www.ptt.cc/bbs/e-shopping/M.1243321023.A.40B.html,Tue May 26 14:57:01 2009,http://0rz.tw/1inuC,0rz.tw/1inuc,,fuzzy_match,shortener_or_redirect_domain_host,pending,fuzzy_full_review,42
[情報] 日貨賣家匯款單系統關於我家族網址彙整,https://www.ptt.cc/bbs/e-shopping/M.1243321023.A.40B.html,Tue May 26 14:57:01 2009,http://0rz.tw/BDAZ5,0rz.tw/bdaz5,,fuzzy_match,shortener_or_redirect_domain_host,pending,fuzzy_full_review,42
[情報] 日貨賣家匯款單系統關於我家族網址彙整,https://www.ptt.cc/bbs/e-shopping/M.1243321023.A.40B.html,Tue May 26 14:57:01 2009,http://0rz.tw/714Od,0rz.tw/714od,,fuzzy_match,shortener_or_redirect_domain_host,pending,fuzzy_full_review,42
[情報] 日貨賣家匯款單系統關於我家族網址彙整,https://www.ptt.cc/bbs/e-shopping/M.1243321023.A.40B.html,Tue May 26 14:57:01 2009,http://0rz.tw/Kenxe,0rz.tw/kenxe,,fuzzy_match,shortener_or_redirect_domain_host,pending,fuzzy_full_review,42
[情報] 日貨賣家匯款單系統關於我家族網址彙整,https://www.ptt.cc/bbs/e-shopping/M.1243321023.A.40B.html,Tue May 26 14:57:01 2009,http://0rz.tw/qFTfN,0rz.tw/qftfn,,fuzzy_match,shortener_or_redirect_domain_host,pending,fuzzy_full_review,42
[情報] 日貨賣家匯款單系統關於我家族網址彙整,https://www.ptt.cc/bbs/e-shopping/M.1243321023.A.40B.html,Tue May 26 14:57:01 2009,http://0rz.tw/ijp1q,0rz.tw/ijp1q,,fuzzy_match,shortener_or_redirect_domain_host,pending,fuzzy_full_review,42
[情報] 日貨賣家匯款單系統關於我家族網址彙整,https://www.ptt.cc/bbs/e-shopping/M.1243321023.A.40B.html,Tue May 26 14:57:01 2009,http://0rz.tw/EAw13,0rz.tw/eaw13,,fuzzy_match,shortener_or_redirect_domain_host,pending,fuzzy_full_review,42
[情報] 日貨賣家匯款單系統關於我家族網址彙整,https://www.ptt.cc/bbs/e-shopping/M.1243321023.A.40B.html,Tue May 26 14:57:01 2009,http://0rz.tw/4a46e,0rz.tw/4a46e,,fuzzy_match,shortener_or_redirect_domain_host,pending,fuzzy_full_review,42
[情報] 日貨賣家匯款單系統關於我家族網址彙整,https://www.ptt.cc/bbs/e-shopping/M.1243321023.A.40B.html,Tue May 26 14:57:01 2009,http://0rz.tw/h2geM,0rz.tw/h2gem,,fuzzy_match,shortener_or_redirect_domain_host,pending,fuzzy_full_review,42
[情報] 日貨賣家匯款單系統關於我家族網址彙整,https://www.ptt.cc/bbs/e-shopping/M.1243321023.A.40B.html,Tue May 26 14:57:01 2009,http://0rz.tw/39Hud,0rz.tw/39hud,,fuzzy_match,shortener_or_redirect_domain_host,pending,fuzzy_full_review,42
[情報] 日貨賣家匯款單系統關於我家族網址彙整,https://www.ptt.cc/bbs/e-shopping/M.1243321023.A.40B.html,Tue May 26 14:57:01 2009,http://0rz.tw/6cc3V,0rz.tw/6cc3v,,fuzzy_match,shortener_or_redirect_domain_host,pending,fuzzy_full_review,42
[情報] 日貨賣家匯款單系統關於我家族網址彙整,https://www.ptt.cc/bbs/e-shopping/M.1243321023.A.40B.html,Tue May 26 14:57:01 2009,http://0rz.tw/GPLh8,0rz.tw/gplh8,,fuzzy_match,shortener_or_redirect_domain_host,pending,fuzzy_full_review,42
[情報] 日貨賣家匯款單系統關於我家族網址彙整,https://www.ptt.cc/bbs/e-shopping/M.1243321023.A.40B.html,Tue May 26 14:57:01 2009,http://0rz.tw/Qvj6H,0rz.tw/qvj6h,,fuzzy_match,shortener_or_redirect_domain_host,pending,fuzzy_full_review,42
[情報] 日貨賣家匯款單系統關於我家族網址彙整,https://www.ptt.cc/bbs/e-shopping/M.1243321023.A.40B.html,Tue May 26 14:57:01 2009,http://0rz.tw/vHvca,0rz.tw/vhvca,,fuzzy_match,shortener_or_redirect_domain_host,pending,fuzzy_full_review,42
[情報] 日貨賣家匯款單系統關於我家族網址彙整,https://www.ptt.cc/bbs/e-shopping/M.1243321023.A.40B.html,Tue May 26 14:57:01 2009,http://0rz.tw/mxEm7,0rz.tw/mxem7,,fuzzy_match,shortener_or_redirect_domain_host,pending,fuzzy_full_review,42
[情報] 日貨賣家匯款單系統關於我家族網址彙整,https://www.ptt.cc/bbs/e-shopping/M.1243321023.A.40B.html,Tue May 26 14:57:01 2009,http://0rz.tw/984mM,0rz.tw/984mm,,fuzzy_match,shortener_or_redirect_domain_host,pending,fuzzy_full_review,42
[情報] 日貨賣家匯款單系統關於我家族網址彙整,https://www.ptt.cc/bbs/e-shopping/M.1243321023.A.40B.html,Tue May 26 14:57:01 2009,http://0rz.tw/WRl7z,0rz.tw/wrl7z,,fuzzy_match,shortener_or_redirect_domain_host,pending,fuzzy_full_review,42
[情報] 日貨賣家匯款單系統關於我家族網址彙整,https://www.ptt.cc/bbs/e-shopping/M.1243321023.A.40B.html,Tue May 26 14:57:01 2009,http://0rz.tw/EZsDT,0rz.tw/ezsdt,,fuzzy_match,shortener_or_redirect_domain_host,pending,fuzzy_full_review,42
[情報] 日貨賣家匯款單系統關於我家族網址彙整,https://www.ptt.cc/bbs/e-shopping/M.1243321023.A.40B.html,Tue May 26 14:57:01 2009,http://0rz.tw/MlH5l,0rz.tw/mlh5l,,fuzzy_match,shortener_or_redirect_domain_host,pending,fuzzy_full_review,42
[情報] 日貨賣家匯款單系統關於我家族網址彙整,https://www.ptt.cc/bbs/e-shopping/M.1243321023.A.40B.html,Tue May 26 14:57:01 2009,http://0rz.tw/704ld,0rz.tw/704ld,,fuzzy_match,shortener_or_redirect_domain_host,pending,fuzzy_full_review,42
[情報] 日貨賣家匯款單系統關於我家族網址彙整,https://www.ptt.cc/bbs/e-shopping/M.1243321023.A.40B.html,Tue May 26 14:57:01 2009,http://0rz.tw/Lb3w3,0rz.tw/lb3w3,,fuzzy_match,shortener_or_redirect_domain_host,pending,fuzzy_full_review,42
[情報] 日貨賣家匯款單系統關於我家族網址彙整,https://www.ptt.cc/bbs/e-shopping/M.1243321023.A.40B.html,Tue May 26 14:57:01 2009,http://0rz.tw/qUM8C,0rz.tw/qum8c,,fuzzy_match,shortener_or_redirect_domain_host,pending,fuzzy_full_review,42
[情報] 日貨賣家匯款單系統關於我家族網址彙整,https://www.ptt.cc/bbs/e-shopping/M.1243321023.A.40B.html,Tue May 26 14:57:01 2009,http://0rz.tw/C0EcU,0rz.tw/c0ecu,,fuzzy_match,shortener_or_redirect_domain_host,pending,fuzzy_full_review,42
[情報] 日貨賣家匯款單系統關於我家族網址彙整,https://www.ptt.cc/bbs/e-shopping/M.1243321023.A.40B.html,Tue May 26 14:57:01 2009,http://0rz.tw/a03Tt,0rz.tw/a03tt,,fuzzy_match,shortener_or_redirect_domain_host,pending,fuzzy_full_review,42
[情報] 日貨賣家匯款單系統關於我家族網址彙整,https://www.ptt.cc/bbs/e-shopping/M.1243321023.A.40B.html,Tue May 26 14:57:01 2009,http://0rz.tw/injQ1,0rz.tw/injq1,,fuzzy_match,shortener_or_redirect_domain_host,pending,fuzzy_full_review,42
[情報] 日貨賣家匯款單系統關於我家族網址彙整,https://www.ptt.cc/bbs/e-shopping/M.1243321023.A.40B.html,Tue May 26 14:57:01 2009,http://0rz.tw/n6xJj,0rz.tw/n6xjj,,fuzzy_match,shortener_or_redirect_domain_host,pending,fuzzy_full_review,42
[情報] 日貨賣家匯款單系統關於我家族網址彙整,https://www.ptt.cc/bbs/e-shopping/M.1243321023.A.40B.html,Tue May 26 14:57:01 2009,http://0rz.tw/6Zsqb,0rz.tw/6zsqb,,fuzzy_match,shortener_or_redirect_domain_host,pending,fuzzy_full_review,42
[情報] 日貨賣家匯款單系統關於我家族網址彙整,https://www.ptt.cc/bbs/e-shopping/M.1243321023.A.40B.html,Tue May 26 14:57:01 2009,http://0rz.tw/9T9th,0rz.tw/9t9th,,fuzzy_match,shortener_or_redirect_domain_host,pending,fuzzy_full_review,42
[情報] 日貨賣家匯款單系統關於我家族網址彙整,https://www.ptt.cc/bbs/e-shopping/M.1243321023.A.40B.html,Tue May 26 14:57:01 2009,http://0rz.tw/Cqt3x,0rz.tw/cqt3x,,fuzzy_match,shortener_or_redirect_domain_host,pending,fuzzy_full_review,42
[情報] 日貨賣家匯款單系統關於我家族網址彙整,https://www.ptt.cc/bbs/e-shopping/M.1243321023.A.40B.html,Tue May 26 14:57:01 2009,http://0rz.tw/70xZM,0rz.tw/70xzm,,fuzzy_match,shortener_or_redirect_domain_host,pending,fuzzy_full_review,42
[情報] 日貨賣家匯款單系統關於我家族網址彙整,https://www.ptt.cc/bbs/e-shopping/M.1243321023.A.40B.html,Tue May 26 14:57:01 2009,http://0rz.tw/8XVXJ,0rz.tw/8xvxj,,fuzzy_match,shortener_or_redirect_domain_host,pending,fuzzy_full_review,42
[情報] 日貨賣家匯款單系統關於我家族網址彙整,https://www.ptt.cc/bbs/e-shopping/M.1243321023.A.40B.html,Tue May 26 14:57:01 2009,http://0rz.tw/OgIWW,0rz.tw/ogiww,,fuzzy_match,shortener_or_redirect_domain_host,pending,fuzzy_full_review,42
[情報] 日貨賣家匯款單系統關於我家族網址彙整,https://www.ptt.cc/bbs/e-shopping/M.1243321023.A.40B.html,Tue May 26 14:57:01 2009,http://0rz.tw/aMNjG,0rz.tw/amnjg,,fuzzy_match,shortener_or_redirect_domain_host,pending,fuzzy_full_review,42
[情報] 日貨賣家匯款單系統關於我家族網址彙整,https://www.ptt.cc/bbs/e-shopping/M.1243321023.A.40B.html,Tue May 26 14:57:01 2009,http://0rz.tw/bEX9X,0rz.tw/bex9x,,fuzzy_match,shortener_or_redirect_domain_host,pending,fuzzy_full_review,42
[情報] 日貨賣家匯款單系統關於我家族網址彙整,https://www.ptt.cc/bbs/e-shopping/M.1243321023.A.40B.html,Tue May 26 14:57:01 2009,http://0rz.tw/O7CTk,0rz.tw/o7ctk,,fuzzy_match,shortener_or_redirect_domain_host,pending,fuzzy_full_review,42
[情報] 日貨賣家匯款單系統關於我家族網址彙整,https://www.ptt.cc/bbs/e-shopping/M.1243321023.A.40B.html,Tue May 26 14:57:01 2009,http://0rz.tw/8548L,0rz.tw/8548l,,fuzzy_match,shortener_or_redirect_domain_host,pending,fuzzy_full_review,42
[情報] 日貨賣家匯款單系統關於我家族網址彙整,https://www.ptt.cc/bbs/e-shopping/M.1243321023.A.40B.html,Tue May 26 14:57:01 2009,http://0rz.tw/kZNNz,0rz.tw/kznnz,,fuzzy_match,shortener_or_redirect_domain_host,pending,fuzzy_full_review,42
[情報] 日貨賣家匯款單系統關於我家族網址彙整,https://www.ptt.cc/bbs/e-shopping/M.1243321023.A.40B.html,Tue May 26 14:57:01 2009,http://0rz.tw/Soh65,0rz.tw/soh65,,fuzzy_match,shortener_or_redirect_domain_host,pending,fuzzy_full_review,42
[情報] 日貨賣家匯款單系統關於我家族網址彙整,https://www.ptt.cc/bbs/e-shopping/M.1243321023.A.40B.html,Tue May 26 14:57:01 2009,http://0rz.tw/fY85j,0rz.tw/fy85j,,fuzzy_match,shortener_or_redirect_domain_host,pending,fuzzy_full_review,42
[情報] 日貨賣家匯款單系統關於我家族網址彙整,https://www.ptt.cc/bbs/e-shopping/M.1243321023.A.40B.html,Tue May 26 14:57:01 2009,http://0rz.tw/T8kzj,0rz.tw/t8kzj,,fuzzy_match,shortener_or_redirect_domain_host,pending,fuzzy_full_review,42
[情報] 日貨賣家匯款單系統關於我家族網址彙整,https://www.ptt.cc/bbs/e-shopping/M.1243321023.A.40B.html,Tue May 26 14:57:01 2009,http://0rz.tw/QXAyu,0rz.tw/qxayu,,fuzzy_match,shortener_or_redirect_domain_host,pending,fuzzy_full_review,42
[情報] 日貨賣家匯款單系統關於我家族網址彙整,https://www.ptt.cc/bbs/e-shopping/M.1243321023.A.40B.html,Tue May 26 14:57:01 2009,http://0rz.tw/KGDPN,0rz.tw/kgdpn,,fuzzy_match,shortener_or_redirect_domain_host,pending,fuzzy_full_review,42
[情報] 日貨賣家匯款單系統關於我家族網址彙整,https://www.ptt.cc/bbs/e-shopping/M.1243321023.A.40B.html,Tue May 26 14:57:01 2009,http://0rz.tw/9TkYy,0rz.tw/9tkyy,,fuzzy_match,shortener_or_redirect_domain_host,pending,fuzzy_full_review,42
[情報] 日貨賣家匯款單系統關於我家族網址彙整,https://www.ptt.cc/bbs/e-shopping/M.1243321023.A.40B.html,Tue May 26 14:57:01 2009,http://0rz.tw/klUW3,0rz.tw/kluw3,,fuzzy_match,shortener_or_redirect_domain_host,pending,fuzzy_full_review,42
[情報] 日貨賣家匯款單系統關於我家族網址彙整,https://www.ptt.cc/bbs/e-shopping/M.1243321023.A.40B.html,Tue May 26 14:57:01 2009,http://0rz.tw/PV8Dj,0rz.tw/pv8dj,,fuzzy_match,shortener_or_redirect_domain_host,pending,fuzzy_full_review,42
[情報] 日貨賣家匯款單系統關於我家族網址彙整,https://www.ptt.cc/bbs/e-shopping/M.1243321023.A.40B.html,Tue May 26 14:57:01 2009,http://0rz.tw/woZuK,0rz.tw/wozuk,,fuzzy_match,shortener_or_redirect_domain_host,pending,fuzzy_full_review,42
[情報] 日貨賣家匯款單系統關於我家族網址彙整,https://www.ptt.cc/bbs/e-shopping/M.1243321023.A.40B.html,Tue May 26 14:57:01 2009,http://0rz.tw/D62Xb,0rz.tw/d62xb,,fuzzy_match,shortener_or_redirect_domain_host,pending,fuzzy_full_review,42
[情報] 日貨賣家匯款單系統關於我家族網址彙整,https://www.ptt.cc/bbs/e-shopping/M.1243321023.A.40B.html,Tue May 26 14:57:01 2009,http://0rz.tw/rhKy4,0rz.tw/rhky4,,fuzzy_match,shortener_or_redirect_domain_host,pending,fuzzy_full_review,42
[情報] 日貨賣家匯款單系統關於我家族網址彙整,https://www.ptt.cc/bbs/e-shopping/M.1243321023.A.40B.html,Tue May 26 14:57:01 2009,http://0rz.tw/STuBH,0rz.tw/stubh,,fuzzy_match,shortener_or_redirect_domain_host,pending,fuzzy_full_review,42
[情報] 日貨賣家匯款單系統關於我家族網址彙整,https://www.ptt.cc/bbs/e-shopping/M.1243321023.A.40B.html,Tue May 26 14:57:01 2009,http://0rz.tw/bQS2R,0rz.tw/bqs2r,,fuzzy_match,shortener_or_redirect_domain_host,pending,fuzzy_full_review,42
[情報] 日貨賣家匯款單系統關於我家族網址彙整,https://www.ptt.cc/bbs/e-shopping/M.1243321023.A.40B.html,Tue May 26 14:57:01 2009,http://0rz.tw/jiqg3,0rz.tw/jiqg3,,fuzzy_match,shortener_or_redirect_domain_host,pending,fuzzy_full_review,42
[情報] 日貨賣家匯款單系統關於我家族網址彙整,https://www.ptt.cc/bbs/e-shopping/M.1243321023.A.40B.html,Tue May 26 14:57:01 2009,http://0rz.tw/xMQGv,0rz.tw/xmqgv,,fuzzy_match,shortener_or_redirect_domain_host,pending,fuzzy_full_review,42
[情報] 日貨賣家匯款單系統關於我家族網址彙整,https://www.ptt.cc/bbs/e-shopping/M.1243321023.A.40B.html,Tue May 26 14:57:01 2009,http://0rz.tw/b11La,0rz.tw/b11la,,fuzzy_match,shortener_or_redirect_domain_host,pending,fuzzy_full_review,42
[情報] 日貨賣家匯款單系統關於我家族網址彙整,https://www.ptt.cc/bbs/e-shopping/M.1243321023.A.40B.html,Tue May 26 14:57:01 2009,http://0rz.tw/N7EVE,0rz.tw/n7eve,,fuzzy_match,shortener_or_redirect_domain_host,pending,fuzzy_full_review,42
[情報] 日貨賣家匯款單系統關於我家族網址彙整,https://www.ptt.cc/bbs/e-shopping/M.1243321023.A.40B.html,Tue May 26 14:57:01 2009,http://0rz.tw/nAxwZ,0rz.tw/naxwz,,fuzzy_match,shortener_or_redirect_domain_host,pending,fuzzy_full_review,42
[情報] 日貨賣家匯款單系統關於我家族網址彙整,https://www.ptt.cc/bbs/e-shopping/M.1243321023.A.40B.html,Tue May 26 14:57:01 2009,http://0rz.tw/b6T1k,0rz.tw/b6t1k,,fuzzy_match,shortener_or_redirect_domain_host,pending,fuzzy_full_review,42
[情報] 日貨賣家匯款單系統關於我家族網址彙整,https://www.ptt.cc/bbs/e-shopping/M.1243321023.A.40B.html,Tue May 26 14:57:01 2009,http://0rz.tw/OVQSb,0rz.tw/ovqsb,,fuzzy_match,shortener_or_redirect_domain_host,pending,fuzzy_full_review,42
[情報] 日貨賣家匯款單系統關於我家族網址彙整,https://www.ptt.cc/bbs/e-shopping/M.1243321023.A.40B.html,Tue May 26 14:57:01 2009,http://0rz.tw/QrEYp,0rz.tw/qreyp,,fuzzy_match,shortener_or_redirect_domain_host,pending,fuzzy_full_review,42
[情報] 日貨賣家匯款單系統關於我家族網址彙整,https://www.ptt.cc/bbs/e-shopping/M.1243321023.A.40B.html,Tue May 26 14:57:01 2009,http://0rz.tw/tMtef,0rz.tw/tmtef,,fuzzy_match,shortener_or_redirect_domain_host,pending,fuzzy_full_review,42
[情報] 日貨賣家匯款單系統關於我家族網址彙整,https://www.ptt.cc/bbs/e-shopping/M.1243321023.A.40B.html,Tue May 26 14:57:01 2009,http://0rz.tw/Iu6jW,0rz.tw/iu6jw,,fuzzy_match,shortener_or_redirect_domain_host,pending,fuzzy_full_review,42
[情報] 日貨賣家匯款單系統關於我家族網址彙整,https://www.ptt.cc/bbs/e-shopping/M.1243321023.A.40B.html,Tue May 26 14:57:01 2009,http://0rz.tw/TrunZ,0rz.tw/trunz,,fuzzy_match,shortener_or_redirect_domain_host,pending,fuzzy_full_review,42
[情報] 日貨賣家匯款單系統關於我家族網址彙整,https://www.ptt.cc/bbs/e-shopping/M.1243321023.A.40B.html,Tue May 26 14:57:01 2009,http://0rz.tw/Ce6NN,0rz.tw/ce6nn,,fuzzy_match,shortener_or_redirect_domain_host,pending,fuzzy_full_review,42
[情報] 日貨賣家匯款單系統關於我家族網址彙整,https://www.ptt.cc/bbs/e-shopping/M.1243321023.A.40B.html,Tue May 26 14:57:01 2009,http://0rz.tw/HTV7Q,0rz.tw/htv7q,,fuzzy_match,shortener_or_redirect_domain_host,pending,fuzzy_full_review,42
[情報] 日貨賣家匯款單系統關於我家族網址彙整,https://www.ptt.cc/bbs/e-shopping/M.1243321023.A.40B.html,Tue May 26 14:57:01 2009,http://0rz.tw/y6TLf,0rz.tw/y6tlf,,fuzzy_match,shortener_or_redirect_domain_host,pending,fuzzy_full_review,42
[情報] 日貨賣家匯款單系統關於我家族網址彙整,https://www.ptt.cc/bbs/e-shopping/M.1243321023.A.40B.html,Tue May 26 14:57:01 2009,http://0rz.tw/94E9z,0rz.tw/94e9z,,fuzzy_match,shortener_or_redirect_domain_host,pending,fuzzy_full_review,42
[情報] 日貨賣家匯款單系統關於我家族網址彙整,https://www.ptt.cc/bbs/e-shopping/M.1243321023.A.40B.html,Tue May 26 14:57:01 2009,http://0rz.tw/neDM3,0rz.tw/nedm3,,fuzzy_match,shortener_or_redirect_domain_host,pending,fuzzy_full_review,42
[情報] 日貨賣家匯款單系統關於我家族網址彙整,https://www.ptt.cc/bbs/e-shopping/M.1243321023.A.40B.html,Tue May 26 14:57:01 2009,http://0rz.tw/A9vQQ,0rz.tw/a9vqq,,fuzzy_match,shortener_or_redirect_domain_host,pending,fuzzy_full_review,42
[情報] 日貨賣家匯款單系統關於我家族網址彙整,https://www.ptt.cc/bbs/e-shopping/M.1243321023.A.40B.html,Tue May 26 14:57:01 2009,http://0rz.tw/iFkOk,0rz.tw/ifkok,,fuzzy_match,shortener_or_redirect_domain_host,pending,fuzzy_full_review,42
[情報] 日貨賣家匯款單系統關於我家族網址彙整,https://www.ptt.cc/bbs/e-shopping/M.1243321023.A.40B.html,Tue May 26 14:57:01 2009,http://0rz.tw/815cq,0rz.tw/815cq,,fuzzy_match,shortener_or_redirect_domain_host,pending,fuzzy_full_review,42
[情報] 日貨賣家匯款單系統關於我家族網址彙整,https://www.ptt.cc/bbs/e-shopping/M.1243321023.A.40B.html,Tue May 26 14:57:01 2009,http://0rz.tw/9qQVu,0rz.tw/9qqvu,,fuzzy_match,shortener_or_redirect_domain_host,pending,fuzzy_full_review,42
[情報] 日貨賣家匯款單系統關於我家族網址彙整,https://www.ptt.cc/bbs/e-shopping/M.1243321023.A.40B.html,Tue May 26 14:57:01 2009,http://0rz.tw/7EfLK,0rz.tw/7eflk,,fuzzy_match,shortener_or_redirect_domain_host,pending,fuzzy_full_review,42
[情報] 日貨賣家匯款單系統關於我家族網址彙整,https://www.ptt.cc/bbs/e-shopping/M.1243321023.A.40B.html,Tue May 26 14:57:01 2009,http://0rz.tw/AQm3v,0rz.tw/aqm3v,,fuzzy_match,shortener_or_redirect_domain_host,pending,fuzzy_full_review,42
[情報] 日貨賣家匯款單系統關於我家族網址彙整,https://www.ptt.cc/bbs/e-shopping/M.1243321023.A.40B.html,Tue May 26 14:57:01 2009,http://0rz.tw/XGosZ,0rz.tw/xgosz,,fuzzy_match,shortener_or_redirect_domain_host,pending,fuzzy_full_review,42
[情報] 日貨賣家匯款單系統關於我家族網址彙整,https://www.ptt.cc/bbs/e-shopping/M.1243321023.A.40B.html,Tue May 26 14:57:01 2009,http://0rz.tw/uxJUl,0rz.tw/uxjul,,fuzzy_match,shortener_or_redirect_domain_host,pending,fuzzy_full_review,42
[情報] 日貨賣家匯款單系統關於我家族網址彙整,https://www.ptt.cc/bbs/e-shopping/M.1243321023.A.40B.html,Tue May 26 14:57:01 2009,http://0rz.tw/apCXc,0rz.tw/apcxc,,fuzzy_match,shortener_or_redirect_domain_host,pending,fuzzy_full_review,42
[情報] 日貨賣家匯款單系統關於我家族網址彙整,https://www.ptt.cc/bbs/e-shopping/M.1243321023.A.40B.html,Tue May 26 14:57:01 2009,http://0rz.tw/0PhVr,0rz.tw/0phvr,,fuzzy_match,shortener_or_redirect_domain_host,pending,fuzzy_full_review,42
[情報] 日貨賣家匯款單系統關於我家族網址彙整,https://www.ptt.cc/bbs/e-shopping/M.1243321023.A.40B.html,Tue May 26 14:57:01 2009,http://0rz.tw/1f56B,0rz.tw/1f56b,,fuzzy_match,shortener_or_redirect_domain_host,pending,fuzzy_full_review,42
[情報] 日貨賣家匯款單系統關於我家族網址彙整,https://www.ptt.cc/bbs/e-shopping/M.1243321023.A.40B.html,Tue May 26 14:57:01 2009,http://0rz.tw/Nivmt,0rz.tw/nivmt,,fuzzy_match,shortener_or_redirect_domain_host,pending,fuzzy_full_review,42
[情報] 日貨賣家匯款單系統關於我家族網址彙整,https://www.ptt.cc/bbs/e-shopping/M.1243321023.A.40B.html,Tue May 26 14:57:01 2009,http://0rz.tw/fnssg,0rz.tw/fnssg,,fuzzy_match,shortener_or_redirect_domain_host,pending,fuzzy_full_review,42
[情報] 日貨賣家匯款單系統關於我家族網址彙整,https://www.ptt.cc/bbs/e-shopping/M.1243321023.A.40B.html,Tue May 26 14:57:01 2009,http://0rz.tw/C86pB,0rz.tw/c86pb,,fuzzy_match,shortener_or_redirect_domain_host,pending,fuzzy_full_review,42
[情報] 日貨賣家匯款單系統關於我家族網址彙整,https://www.ptt.cc/bbs/e-shopping/M.1243321023.A.40B.html,Tue May 26 14:57:01 2009,http://0rz.tw/hfmSp,0rz.tw/hfmsp,,fuzzy_match,shortener_or_redirect_domain_host,pending,fuzzy_full_review,42
[情報] 日貨賣家匯款單系統關於我家族網址彙整,https://www.ptt.cc/bbs/e-shopping/M.1243321023.A.40B.html,Tue May 26 14:57:01 2009,http://0rz.tw/okSoh,0rz.tw/oksoh,,fuzzy_match,shortener_or_redirect_domain_host,pending,fuzzy_full_review,42
[情報] 日貨賣家匯款單系統關於我家族網址彙整,https://www.ptt.cc/bbs/e-shopping/M.1243321023.A.40B.html,Tue May 26 14:57:01 2009,http://0rz.tw/Meeao,0rz.tw/meeao,,fuzzy_match,shortener_or_redirect_domain_host,pending,fuzzy_full_review,42
[情報] 電暖器網路詐騙,https://www.ptt.cc/bbs/e-shopping/M.1610555315.A.0FF.html,Thu Jan 14 00:28:33 2021,https://reurl.cc/ynZGLq,reurl.cc/ynzglq,,fuzzy_match,shortener_or_redirect_domain_host,pending,fuzzy_full_review,42
[抱怨] 買保養品被騙=..=而且發現仿品超多,https://www.ptt.cc/bbs/e-shopping/M.1502869799.A.BA2.html,Wed Aug 16 15:49:55 2017,https://goo.gl/DnTq3o,goo.gl/dntq3o,,fuzzy_match,shortener_or_redirect_domain_host,pending,fuzzy_full_review,42
[閒聊] Y拍不保障買家權益，容易被騙,https://www.ptt.cc/bbs/e-shopping/M.1417679333.A.644.html,Thu Dec  4 15:48:50 2014,http://ppt.cc/PfKW,ppt.cc/pfkw,,fuzzy_match,shortener_or_redirect_domain_host,pending,fuzzy_full_review,42
[閒聊] 冒用小農名義行詐騙之實,https://www.ptt.cc/bbs/e-shopping/M.1653820547.A.2AE.html,Sun May 29 18:35:45 2022,https://bit.ly/3GsfxTd,bit.ly/3gsfxtd,,fuzzy_match,shortener_or_redirect_domain_host,pending,fuzzy_full_review,42
[閒聊] 宅配貨到付款的詐騙,https://www.ptt.cc/bbs/e-shopping/M.1481016997.A.74B.html,Tue Dec  6 17:36:32 2016,goo.gl/OBSWB3,goo.gl/obswb3,,fuzzy_match,shortener_or_redirect_domain_host,pending,fuzzy_full_review,42
[閒聊] 小七詐騙包裹申訴,https://www.ptt.cc/bbs/e-shopping/M.1722421544.A.226.html,Wed Jul 31 18:25:41 2024,https://reurl.cc/WxezE7,reurl.cc/wxeze7,,fuzzy_match,shortener_or_redirect_domain_host,pending,fuzzy_full_review,42
[閒聊] 網購資生堂watashi+接到詐騙電話,https://www.ptt.cc/bbs/e-shopping/M.1638092234.A.745.html,Sun Nov 28 17:37:10 2021,https://tinyurl.com/35kxp4f9,tinyurl.com/35kxp4f9,,fuzzy_match,shortener_or_redirect_domain_host,pending,fuzzy_full_review,42
[閒聊] 記得匯款，不要棄標~~拜託(跪),https://www.ptt.cc/bbs/e-shopping/M.1422328730.A.0B6.html,Tue Jan 27 11:18:45 2015,http://goo.gl/E78UTO,goo.gl/e78uto,,fuzzy_match,shortener_or_redirect_domain_host,pending,fuzzy_full_review,42
[閒聊] 詐騙集團提款機 金石堂網路書店詐騙榜首,https://www.ptt.cc/bbs/e-shopping/M.1489828960.A.A4F.html,Sat Mar 18 17:22:37 2017,https://goo.gl/66nQq6,goo.gl/66nqq6,,fuzzy_match,shortener_or_redirect_domain_host,pending,fuzzy_full_review,42
