review_id,dataset_type,dedup_key,title,article_url,content,published_at,source,source_board,search_keyword,imported_at,review_status,status,article_type,human_notes,reviewer
ptt_884cca427380,ptt_candidate,https://www.ptt.cc/bbs/Bunco/M.1788363191.A.7D1.html,[資訊] FB的詐騙好多喔（分享文,https://www.ptt.cc/bbs/Bunco/M.1788363191.A.7D1.html,"女口是頁啦：（

此為分享文

我在FB賣東西，有人私說要買，問我能不能用新竹物流的到府收送

我說可以，他要求寄出時收貨員有一組流水號要給我，要跟他說多少，貨到他才能收貨，
然後傳給我這個
https://i.mopix.cc/ehjBJ9.jpg
問我沒用過嗎？實名未綁定？然後給我一份寄件人資料填，填完結果跳出設備未綁定

接著新竹物流客服打給我了，按他指示綁定設備，接著又要求我開啟視訊，幾秒後叫我關
閉，
（大概是要你的人臉做辨識吧）

接著要我開郵局app，申請跟啟動無卡提款，最後要我去ATM聽他說操作

我一開始就知道是詐騙，等他要求我用ATM無卡提款輸入2萬時

恩恩，我就掛掉電話了，他拼命打電話來

最後
https://i.mopix.cc/tMJ1H0.jpg
https://i.mopix.cc/smxNRw.jpg
這算恐嚇還是威脅嗎？還是讓你心生畏懼...怕死了喔

FB那位呢
https://i.mopix.cc/UQl5E6.jpg
https://i.mopix.cc/Gh7zP4.jpg
我笑了..情緒跟道德勒索是吧

這幾個人我都已檢舉後封鎖...

--
※ 發信站: 批踢踢實業坊(ptt.cc), 來自: 42.79.71.168 (臺灣)
※ 文章網址:
https://www.ptt.cc/bbs/Bunco/M.1788363191.A.7D1.html",Wed Sep  2 23:33:08 2026,ptt,,,2026-10-01T05:57:42Z,pending,temp,,,
ptt_21121c05ad92,ptt_candidate,https://www.ptt.cc/bbs/Bunco/M.1787144404.A.442.html,[新聞] 中國小紅書遭封鎖後詐騙數下降80%,https://www.ptt.cc/bbs/Bunco/M.1787144404.A.442.html,"中國小紅書遭封鎖後詐騙數下降80% 劉世芳曝若再不回應：可能再屏蔽1年
https://www.setn.com/news/1891912
內政部去年12月4日依《詐欺犯罪危害防制條例》，對中國APP小紅書發布網際網路停止解
析或限制接取的命令一年。內政部長劉世芳今（19）日表示，經過限制小紅書之後，詐騙
件數下降80％、詐騙金額下降55％，非常有成效。她並透露，內政部將依照程序再寄掛號
信，若仍不理會，「很有可能再屏蔽一年。」

劉世芳今上午接受「POP撞新聞」主持人黃暐瀚專時指出，小紅書的母公司在上海，因此
台灣的《詐欺犯罪危害防制條例》不及於他們，即便內政部多次表達，應有法律代理人到
台灣說明小紅書在台灣出現詐騙要如何處理，「但對方連理都不理」，後來內政部引用行
政程序，請海基會連續寄兩次雙掛號信後，「開始做屏蔽效應。」

劉世芳並指出，到目前為止，小紅書的詐騙件數下降80％、詐騙金額下降55％，非常有成
效。如今一年又要到了，內政部還是按照原本程序再寄掛號信到小紅書位於上海的辦公室
。

黃暐瀚追問，如果小紅書再不回，會再憑屏蔽一年？劉世芳指出，很有可能再屏蔽一年，
「你不理我們，我們也沒辦法」。她強調，如果小紅書願意以書面跟我方做任何解釋的話
，那歡迎小紅書到台灣來溝通。

--
Mr.
Raindrop, falling away from
me now.
/
/
∕︵︵︵︵︵︵︵﹨
Mr. Raindrop, falling away form me now.
/
/
◢██◣
∥
/     /
Do you know how much you mean to me, why must you leave?
⊙
⊙
∥
I'm just a flower on a tree, why must you leave?
◢
▆
/
/
Mr.
Raindrop, falling away from
me now.
--
※ 發信站: 批踢踢實業坊(ptt.cc), 來自: 111.243.28.203 (臺灣)
※ 文章網址:
https://www.ptt.cc/bbs/Bunco/M.1787144404.A.442.html
※ 編輯: petestar (111.243.2.144 臺灣), 09/03/2026 03:48:39",Wed Aug 19 20:59:58 2026,ptt,,,2026-10-01T05:57:42Z,pending,temp,,,
ptt_eb65d38e5cda,ptt_candidate,https://www.ptt.cc/bbs/Bunco/M.1786604950.A.259.html,[新聞] 假「曬單」真誘騙！7月社群投資詐騙增2成,https://www.ptt.cc/bbs/Bunco/M.1786604950.A.259.html,"假「曬單」真誘騙！7月社群投資詐騙暴增2成
https://news.cnyes.com/news/id/6573689
台股7月行情震盪頻繁，吸引許多民眾關注投資話題，卻也讓詐騙集團有機可乘。期交所
統計，期貨商7月蒐報的社群平台詐騙案件數較前月增加2成，主要以Facebook投資社團貼
文為主，多數假借分享個人投資獲利點位或進出場時機，誘使民眾點擊連結並導向假投資
平台。期貨業攜手攔詐5個月成效顯著，上路以來已攔阻482件社群平台疑似詐騙案件。

假「曬單」真誘騙！期交所統計7月社群投資詐騙暴增2成 期貨業攜手攔截482件。


期交所自115年3月推動期貨商反詐治理評鑑活動，5個月來期貨業者已跨界舉辦26件亮點
防詐活動，觸及超過3900人次，更累計蒐報檢舉482件社群平台疑似詐騙案件，展現強大
防詐行動力。

期交所為落實金融消費者保護並響應全民反詐政策，率期貨業者結合校園、偏鄉社區、公
益團體及數位社群等資源，將防詐概念融入日常服務與創意行銷。例如有業者客製防詐乖
乖餅乾進行趣味互動，也有業者透過Facebook及Instagram製作詐騙手法短影音，搭配互
動抽獎吸引近10萬次瀏覽及超過3000則留言，成功發揮社群擴散效益。

除了數位宣導外，期貨商更走入實體社會角落，在園遊會設計防詐九宮格遊戲，或攜手警
政單位舉辦投資論壇剖析科技詐騙手法；部分業者更深入里民活動辦理體驗遊戲，甚至結
合食物銀行到宅服務，向弱勢家庭傳遞1聽2掛3查證原則。

期交所表示，期貨業將持續攜手業者發揮公眾影響力，結合數位工具與在地社區、警政單
位等跨界合作，從線上到線下建構更完整的金融安全防護網。

--
Mr.
Raindrop, falling away from
me now.
/
/
∕︵︵︵︵︵︵︵﹨
Mr. Raindrop, falling away form me now.
/
/
◢██◣
∥
/     /
Do you know how much you mean to me, why must you leave?
⊙
⊙
∥
I'm just a flower on a tree, why must you leave?
◢
▆
/
/
Mr.
Raindrop, falling away from
me now.
--
※ 發信站: 批踢踢實業坊(ptt.cc), 來自: 111.243.9.124 (臺灣)
※ 文章網址:
https://www.ptt.cc/bbs/Bunco/M.1786604950.A.259.html",Thu Aug 13 15:09:07 2026,ptt,,,2026-10-01T05:57:42Z,pending,temp,,,
ptt_7ea69651276d,ptt_candidate,https://www.ptt.cc/bbs/Bunco/M.1786604715.A.DEC.html,[資訊] LINE訊息稱健保卡異常 健保署：詐騙勿點,https://www.ptt.cc/bbs/Bunco/M.1786604715.A.DEC.html,"LINE訊息稱健保卡異常 健保署：詐騙勿點連結
https://today.line.me/tw/v3/article/zN897gj?view=topic&referral=TOPIC-fraud
記者吳典叡／臺北報導

詐騙手法再翻新，衛福部中央健康保險署今（13）日指出，近日接獲數名民眾反映，不肖
分子冒用「健保局」名義發送LINE訊息，聲稱「健保卡有使用異常情況，即刻停卡」等，
請民眾點擊不明連結。健保署提醒民眾，若接獲可疑訊息及連結網頁，請直接刪除相關訊
息，切勿點選連結，避免受騙。

健保署指出，該署LINE官方帳號名稱為「健保署」，且前方有經過LINE官方審核通過「已
認證官方帳號」的藍色盾牌供民眾辨識，另不會主動邀請民眾加入好友。

健保署強調，詐騙訊息夾帶的惡意釣魚網站連結，一旦好奇點選，可能遭到詐騙集團騙取
帳號、密碼或其他個資及手機或電腦中毒；有不明連結的惡意訊息，請不要依照指示做任
何動作，若不慎點擊，建議儘速請專業資訊人員檢視安全性，避免個資外洩或造成個人財
損。

健保署表示，只要接到不明連結網頁或可疑資訊時，請務必提高警覺。民眾如有任何疑問
，請撥打健保署免付費專線（市話請撥打0800-030-598或4128-678，手機請改撥
02-4128-678）查證。

--
Mr.
Raindrop, falling away from
me now.
/
/
∕︵︵︵︵︵︵︵﹨
Mr. Raindrop, falling away form me now.
/
/
◢██◣
∥
/     /
Do you know how much you mean to me, why must you leave?
⊙
⊙
∥
I'm just a flower on a tree, why must you leave?
◢
▆
/
/
Mr.
Raindrop, falling away from
me now.
--
※ 發信站: 批踢踢實業坊(ptt.cc), 來自: 111.243.9.124 (臺灣)
※ 文章網址:
https://www.ptt.cc/bbs/Bunco/M.1786604715.A.DEC.html",Thu Aug 13 15:05:11 2026,ptt,,,2026-10-01T05:57:42Z,pending,temp,,,
ptt_ce01bea2e257,ptt_candidate,https://www.ptt.cc/bbs/Bunco/M.1785642415.A.270.html,[新聞] 拒絕旁觀！網路詐騙通報查詢網展現公私協,https://www.ptt.cc/bbs/Bunco/M.1785642415.A.270.html,"拒絕旁觀！網路詐騙通報查詢網展現公私協力，8位熱心民眾通報破萬件，下一步聚焦廣
告生態系聯防

近日「網路詐騙通報查詢網」成效公開，數發部部長林宜敬表示：打擊詐騙是好人與壞人
之間的不斷攻防，他並揭露8位熱心民眾通報案件各超過1萬件，同時強調將廣告生態系整
治列為全新焦點，在數產署輔導下國內三大廣告公協會正式成立「數位廣告信任聯盟」，
初期將以建置聯防平臺、發布自律規範來循序強化

文/羅正漢|2026-07-27發表
https://pse.is/9erwbk
面對無孔不入的數位詐騙，單打獨鬥已不足以應對。數位發展部近日公布「網路詐騙通報

查詢網」上線近兩年來的最新成果，不僅通報件數正式突破百萬大關，跨部會聯手成功下

架逾50萬件詐騙訊息，更揭露已有8名熱心民眾單人通報均達1萬件以上，展現出「拒絕旁

觀、主動挺身」的關鍵力量，同時公開廣告生態系的公私協力防詐新進展。

數發部部長林宜敬表示：「網路詐騙通報查詢網每一筆通報資訊的背後，都是一位願意挺

身而出的民眾。從熱心網友、企業夥伴到各領域名人，大家齊心對抗詐騙集團。每一則通

報，都能阻止下一位民眾受騙；每一位願意花時間通報的民眾，都是守護數位安全的重要

夥伴。」

綜觀此一平臺的發展，可以看出「集中通報」策略在整體防詐體系中扮演不可或缺的角色

。該平臺自2024年9月30日上線以來，營運即將屆滿兩年，根據數產署公布的數據顯示，

其網頁瀏覽量超過62萬人次、近7萬名民眾下載 App，總計接獲110萬5,170件疑似詐騙訊

息的通報。其中，高達54萬2,082件已確認為詐騙並處理，平均每個月從源頭阻斷、下架

超過2萬件詐騙訊息。

除了串聯公私之力並要求網路平臺業者下架，如何面對廣告營收與詐騙訊息交織的利益難

題，並從前端廣告生態系進行整治，是防詐工作中最具挑戰的環節。

數位產業署指出，在數位產業署的輔導下，台灣數位媒體應用暨行銷協會（DMA）、台北

市廣告代理商業同業公會（TAAA）以及台北市媒體服務代理商協會（MAA）等國內三大廣

告公協會，將帶領數位廣告產業鏈近300家業者共同投入自律防詐工作，成立「數位廣告

信任聯盟」，公私協力攜手打擊網路詐騙。

聯盟將建置聯防平臺，以交換防詐情資、發布自律規範及推動「信任標章」，鼓勵業者建

立內部防詐管理機制，落實自律措施，並藉由標章制度提升市場信任度，進而讓突顯具備

防詐能力與社會責任的數位廣告夥伴，更便於廣告主及消費者辨識。

儘管上述自律措施能發揮的成效未知，但顯然政府期望藉此促成數位廣告產業鏈上、中、

下游業者，能達成不助長詐騙的共識，確保產業的長期獲利不再建立在脆弱的數位信任之

上。這場不對稱的防詐戰役能否成功扭轉劣勢，也需要有賴廣告生態系各方共同落實與維

護。
https://pse.is/9erwg9
數位發展部在7月17日舉辦記者會，由數發部部長林宜敬與台灣數位媒體應用暨行銷協會
（DMA）、台北市廣告代理商業同業公會（TAAA）、台北市媒體服務代理商協會（MAA）等
廣告業者共同宣布，成立「數位廣告信任聯盟」，持續推動不同層面公私聯防，以強化整
體防詐體系。（圖片來源／數位發展部數位產業署）
https://www.ithome.com.tw/news/177634
新聞來源：ithome電腦報

--
※ 發信站: 批踢踢實業坊(ptt.cc), 來自: 1.160.33.219 (臺灣)
※ 文章網址:
https://www.ptt.cc/bbs/Bunco/M.1785642415.A.270.html",Sun Aug  2 11:46:50 2026,ptt,,,2026-10-01T05:57:42Z,pending,temp,,,
ptt_59b8759cb4cc,ptt_candidate,https://www.ptt.cc/bbs/Bunco/M.1785641671.A.C7F.html,[新聞] 美台首例超大額跨境詐欺》詐騙廣告年收上,https://www.ptt.cc/bbs/Bunco/M.1785641671.A.C7F.html,"美台首例超大額跨境詐欺》詐騙廣告年收上看70億美元 第一線嘆源頭難斷

2026/07/18 11:41
記者劉慶侯／台北報導
https://img.ltn.com.tw/Upload/news/600/2026/07/18/phpgs3s5S.jpg
第一線員警每天面對的，是被騙走退休金、買房頭期款、家庭積蓄的真實傷痛。（資料照
）


假投資、假網拍、假交友……許多詐騙被害人並非主動尋覓陷阱，而是在滑臉書、

Instagram、Threads或LINE社群時，先被看似正常的廣告、貼文或粉專吸引。有人誤信名

人投資廣告，有人看到限時優惠下單，最終一步步被帶去匯款、面交甚至購買虛擬貨幣，

直到走進派出所才驚覺受騙。受理報案的第一線人員感嘆，最深的無力感不在事後偵辦，

而是無法在民眾受害之前，就阻斷他們接觸詐騙廣告的機會。

當被害人走進警局，錢往往已匯出、層層轉走，廣告也可能早一步下架，隨即換網址、換

粉專、換帳號重新出現。第一線員警每天面對的，是被騙走退休金、買房頭期款、家庭積

蓄的真實傷痛；而回頭追溯源頭，許多案件開端就只是一則社群平臺上的廣告、一個假投

資老師或假客服帳號。

路透社2025年曾引述Meta內部文件報導，Meta估計每天向使用者展示大量高風險詐騙廣告

，這類廣告一年可帶來約70億美元、折合新臺幣近2185億元的年化收入；包含詐騙與禁售

品廣告在內的收入，約占Meta 2024年整體年收入的一成。這組數字讓第一線更有感，詐

騙廣告並非零星個案，而是具備反覆投放、大量觸及民眾能力，甚至可能形成龐大商業利

益的一門生意。

基層員警並非沒有通報，實務上會截圖、留存網址、彙整粉專與詐騙連結。但警方大多只

能看到前臺畫面，真正能追查源頭的廣告投放帳號、付款紀錄、登入IP、後臺操作紀錄與

關聯帳號，幾乎都掌握在平臺手上。第一線人員形容，下架一則廣告，就像撕掉一張詐騙

傳單；但如果印傳單的人、發傳單的管道和付錢的人都沒有被處理，隔天街上還是會出現

新的傳單。

以臺北市為例，長期觀察發現，涉詐廣告中重複出現的廣告商占比將近七成，顯示部分投

放者不斷利用不同素材或帳號持續刊登；境外播送或境外投放比例至少達四成，也使國內

防制難度更高。警方曾通報某廣告商持續投放假網拍詐騙廣告，即使單則廣告被下架，同

一廣告商很快又以新素材、新連結重新出現。

從第一線角度來看，如果平臺只針對個別廣告逐則下架，卻未主動擴大檢視同一廣告商或

關聯帳號下的其他可疑廣告，根本無法真正阻斷源頭。第一線真正期盼的，不只是下架數

字增加，而是平臺能落實廣告商審查與重複投放防制責任，別讓詐騙廣告像撕不完的傳單

，一再消耗社會信任。

☆自由時報電子報提醒您，防詐騙專線︰165，報案專線︰110☆
https://news.ltn.com.tw/news/society/breakingnews/5509321
--
※ 發信站: 批踢踢實業坊(ptt.cc), 來自: 1.160.33.219 (臺灣)
※ 文章網址:
https://www.ptt.cc/bbs/Bunco/M.1785641671.A.C7F.html",Sun Aug  2 11:34:28 2026,ptt,,,2026-10-01T05:57:42Z,pending,temp,,,
ptt_cfcedd3d058d,ptt_candidate,https://www.ptt.cc/bbs/Bunco/M.1784289597.A.DD1.html,[閒聊] 網拍小心詐騙,https://www.ptt.cc/bbs/Bunco/M.1784289597.A.DD1.html,"※ [本文轉錄自
MakeUp 看板 #1gLY8rAj
]
作者: forcc (遙想當年阿～～) 看板: MakeUp
標題: [閒聊] 網拍小心詐騙
時間: Tue Jul 14 19:49:06 2026

平常我會上網拍，隨意瀏覽，有合適的會入手一些二手品，不過最近遇到詐騙了。

大致說明發生經過：
某天瀏覽網拍時，看到有興趣的商品，（在網拍介面）聯絡賣家，賣家請我加他Line。

加入後，談好價格。
賣家給了一個帳號，我們轉帳完成，他又給一個連結，點開是黑貓。其實是假冒黑貓
填入收件人姓名、地址、電話後送出，頁面顯示“列印失敗”（如圖）
https://i.mopix.cc/K69Hte.jpg
聯絡賣家後，賣家要我聯絡客服。

一直要你“實名認證”

到這裡開始覺得不對勁，賣家只是一直要你聯絡客服解開訂單。
請他換寄送方式，也只是跳針要你聯絡客服。

然後我就去報警了

額外要補充的地方是，雖然賣家給的連結跟帳號，我當下有上165查詢，但顯示“尚未通
報記錄”。
甚至到今天我再去查詢，也一樣。

當然報警時，警察聽到要你“實名認證”就肯定是詐騙，但也不知為何，165這邊仍無通
報？

目前我這次損失區區NT.600，雖不算多，但也是我們辛苦賺來的，該報警還是要報。

詐騙猖獗，大家都要小心注意。
※ 編輯: forcc (61.224.99.36 臺灣), 07/14/2026 19:49:28
※ 編輯: forcc (61.224.99.36 臺灣), 07/14/2026 22:26:22
※ 發信站: 批踢踢實業坊(ptt.cc)
※ 轉錄者: petestar (1.161.158.11 臺灣), 07/17/2026 19:59:56",Fri Jul 17 19:59:56 2026,ptt,,,2026-10-01T05:57:42Z,pending,temp,,,
ptt_e8c97251ffae,ptt_candidate,https://www.ptt.cc/bbs/Bunco/M.1782731527.A.787.html,[新聞] 視訊換臉工具以假亂真！詐騙暴增147%,https://www.ptt.cc/bbs/Bunco/M.1782731527.A.787.html,"視訊換臉工具以假亂真！詐騙暴增147% 專家提6點防範
https://3c.ltn.com.tw/news/66604
一款開源的「Deep-Live-Cam」軟體早在 2024 年便已爆紅，可以從一張照片中提取一個
人的臉部，並將其應用到即時網路攝影鏡頭視訊源上，意味著視訊時可以直接換上照片中
的人臉，但這套軟體如今被大量使用在詐騙上，資安專家提出 6 點防範措施。

「Deep-Live-Cam」軟體本身是一種娛樂，能換成自己喜愛人物的臉，也適用於內容創作
者的影片製作、遊戲實況主變換虛擬角色、影視產業用於後期特效，但外媒指出，該類型
「深偽」（DeepFake）詐騙案件呈現爆炸式成長，年增幅高達 147%。

常見的詐騙案例包括，取得公司高層的公開照片後，在視訊會議中冒充該主管，要求財務
人員匯款或提供敏感資料；於交友軟體、視訊中假冒他人進行情感詐騙；利用即時換臉冒
名開戶或取得視訊驗證；冒充政治人物或公眾人物進行假直播、發表假言論。

對於猖獗的「深偽」詐騙，資安專家提出以下 6 點防範措施：

1. 要求對方轉頭或變換角度：即時換臉技術在臉部大幅度轉動時，邊緣容易出現模糊或
崩壞。

2. 觀察眨眼與口型同步：AI 換臉在眨眼頻率、嘴型與聲音的同步上，仍會有不自然之處
。

3. 注意背景干擾：在臉部邊緣與背景交界處，換臉常產生閃爍或色差。

4. 設定通關密語：與家人或同事約定只有彼此知道的驗證詞，在視訊通話中確認身分。

5. 透過其他管道確認：若視訊中有人要求匯款或提供敏感資訊，務必透過電話或當面方
式二次確認。

6. 限制社群公開照片：降低個人在社群平台上的正面照片曝光。

--
Mr.
Raindrop, falling away from
me now.
/
/
∕︵︵︵︵︵︵︵﹨
Mr. Raindrop, falling away form me now.
/
/
◢██◣
∥
/     /
Do you know how much you mean to me, why must you leave?
⊙
⊙
∥
I'm just a flower on a tree, why must you leave?
◢
▆
/
/
Mr.
Raindrop, falling away from
me now.
--
※ 發信站: 批踢踢實業坊(ptt.cc), 來自: 36.227.153.235 (臺灣)
※ 文章網址:
https://www.ptt.cc/bbs/Bunco/M.1782731527.A.787.html",Mon Jun 29 19:11:59 2026,ptt,,,2026-10-01T05:57:42Z,pending,temp,,,
ptt_ee7af83c1a78,ptt_candidate,https://www.ptt.cc/bbs/Bunco/M.1781221291.A.5A1.html,[新聞] Steam實體禮物卡宣布停售！詐騙問題無解,https://www.ptt.cc/bbs/Bunco/M.1781221291.A.5A1.html,"Steam實體禮物卡宣布停售！Valve: 詐騙問題無解
https://3c.ltn.com.tw/news/66397
Valve確定將停止在實體零售通路販售「Steam 禮物卡」，這一消息已公布於官方支援網
頁，待現有庫存售完後，便會正式走入歷史。

Valve表示，做出這項決定的主因是詐騙問題始終無法有效遏止。近年來，不少詐騙集團
利用Steam實體禮物卡行騙，不僅影響Steam玩家，也讓許多一般民眾受害。

常見手法是誘騙受害者前往商店購買Steam禮物卡，再以各種理由要求提供卡片上的兌換
序號。一旦詐騙者取得序號，便能立即將卡內餘額轉走，受害者往往很難追回損失。

為了打擊這類詐騙，Valve過去其實已採取多項措施，包括與執法單位合作、在禮物卡上
增加警示訊息，以及限制實體禮物卡的販售範圍和數量。然而，Valve坦言，詐騙集團也
不斷調整手法，因此問題始終未能徹底解決。

現有庫存售完為止
Steam自2012年開始販售實體禮物卡，至今已有14年歷史。Valve預估，目前市面上的庫存
將於2026年底前陸續售罄，屆時實體Steam禮物卡將正式退出市場。不過玩家無須擔心，
已經購買的實體Steam禮物卡不會失效，未來仍可正常兌換使用。

值得注意的是，此次停售僅限實體版Steam禮物卡，數位版禮物卡仍會持續販售，不受影
響。換句話說，未來玩家若想替親友儲值Steam錢包，或贈送Steam禮物卡作為禮物，依然
可以透過線上方式完成，只是實體卡片將逐漸走入歷史。

--
Mr.
Raindrop, falling away from
me now.
/
/
∕︵︵︵︵︵︵︵﹨
Mr. Raindrop, falling away form me now.
/
/
◢██◣
∥
/     /
Do you know how much you mean to me, why must you leave?
⊙
⊙
∥
I'm just a flower on a tree, why must you leave?
◢
▆
/
/
Mr.
Raindrop, falling away from
me now.
--
※ 發信站: 批踢踢實業坊(ptt.cc), 來自: 36.227.142.86 (臺灣)
※ 文章網址:
https://www.ptt.cc/bbs/Bunco/M.1781221291.A.5A1.html",Fri Jun 12 07:41:27 2026,ptt,,,2026-10-01T05:57:42Z,pending,temp,,,
ptt_d17b2721bc2b,ptt_candidate,https://www.ptt.cc/bbs/Bunco/M.1781092076.A.109.html,[新聞] 運發局嚴正澄清！詐騙登假廣告運動課程,https://www.ptt.cc/bbs/Bunco/M.1781092076.A.109.html,"運發局嚴正澄清！詐騙人士登假廣告「運動中心課程招生」誘導加入LINE群

民眾切勿上當
https://www.storm.mg/article/11140348
近日經民眾反映，社群平台 Facebook 上出現名為「高雄市尚讚a」等非官方粉絲專頁，
以「大高雄運動上課好所在」「全區運動課程開始報名」為名，刊登付費廣告，宣稱提供
有氧、瑜珈、皮拉提斯、核心、飛輪、舞蹈、燃脂、游泳等課程，並以「點擊查課表」、
「瞭解詳情」等按鈕，誘導民眾點擊連結，加入不明 LINE 群組。高雄市政府運動發展局
（以下簡稱運發局）特此嚴正澄清，上開粉專及廣告均非運發局或各運動中心所發布，請
市民朋友務必提高警覺，切勿點擊、加入或提供任何個人資料。

運發局表示，本市運動中心及運動課程之相關訊息、報名與活動公告，僅透過下列官方管
道發布，請民眾認明：

‧官方臉書粉絲專頁：高雄市政府運動發展局(facebook.com/ksdkcg)

‧官方網站：高雄市政府運動發展局全球資訊網(
https://sports.kcg.gov.tw/)
‧各區運動中心：各運動中心之官方網站及官方社群帳號

凡非上述管道、或要求加入私人 LINE 群組以「報名課程」者，皆與本局無關，請勿輕信
。

副標/以「免費或優惠課程」、「限時報名」吸引民眾興趣

運發局指出，此類冒名手法，係不法集團假冒政府機關或運動場館名義，臨時建立假粉絲
專頁並投放付費廣告，以「免費或優惠課程」、「限時報名」吸引民眾興趣，再引導加
入 LINE 好友或群組，後續藉機騙取個人資料、誘導付款或進行其他詐騙。近期一些政府
機關、公部門運動場館等，均曾遭以相同模式冒名，經查證後確認為詐騙，相關單位已公
開澄清。

市民可從以下特徵辨識：

1.粉專名稱與官方機關名稱不符，且非經 Facebook 驗證之官方帳號。

2.粉專追蹤、按讚或互動人數異常稀少，與政府機關應有規模明顯不符。

3.廣告標示「贊助」字樣，係付費投放，而非機關正式公告。

4.要求「加 LINE 好友」、「加入群組」、「先留個人資料」或強調「限時、最後名額」
。

5.連結網址非政府機關之「.gov.tw 」網域。

運發局表示，已就上開假冒粉專及廣告，檢舉並通報內政部警政署165全民防騙網。呼籲
民眾共同提高警覺，並協助轉知親友，避免更多人受害。提醒市民朋友秉持「冷靜、查證
、報警」三步驟：

‧看到可疑的政府機關或運動中心廣告，先透過官方網站或電話查證，勿直接點擊廣告連
結。

‧切勿加入來路不明的 LINE 群組，亦切勿提供姓名、電話、身分證字號、金融帳戶等個
人資料。

--
Mr.
Raindrop, falling away from
me now.
/
/
∕︵︵︵︵︵︵︵﹨
Mr. Raindrop, falling away form me now.
/
/
◢██◣
∥
/     /
Do you know how much you mean to me, why must you leave?
⊙
⊙
∥
I'm just a flower on a tree, why must you leave?
◢
▆
/
/
Mr.
Raindrop, falling away from
me now.
--
※ 發信站: 批踢踢實業坊(ptt.cc), 來自: 36.227.141.91 (臺灣)
※ 文章網址:
https://www.ptt.cc/bbs/Bunco/M.1781092076.A.109.html",Wed Jun 10 19:47:53 2026,ptt,,,2026-10-01T05:57:42Z,pending,temp,,,
ptt_8e6cdfb16cd0,ptt_candidate,https://www.ptt.cc/bbs/Bunco/M.1781011130.A.5D9.html,[新聞] 國際特赦組織指柬埔寨掃盪詐騙不彰　仍有數十園區運作,https://www.ptt.cc/bbs/Bunco/M.1781011130.A.5D9.html,"國際特赦組織指柬埔寨掃盪詐騙不彰　仍有數十園區運作

2026/6/8 22:29

（中央社金邊8日綜合外電報導）國際特赦組織今天發布報告指出，儘管柬埔寨當局已對
境內跨國詐騙園區進行數月掃蕩，但在已知的86個園區當中，僅24個遭政府關閉，仍有數
十個疑似詐騙中心仍在持續運作。

路透社報導，總部在英國的國際特赦組織（Amnesty International）在這份176頁報告當
中批評，柬埔寨政府的掃蕩許多常是被動行動或無效，或因為詐騙園區管理者顯然與警方
有勾結而效果減弱，例如有逃出的人表示，掃蕩期間他們曾被移往柬埔寨各地躲避查緝。

國際特赦組織在報告中說，其研究人員訪問了73名曾被迫關在柬埔寨詐騙園區的人士，他
們全都表示曾經經歷或目睹虐待情況，包括有6名女性稱自己遭到性侵。

國際特赦組織並指責柬埔寨當局將從詐騙園區逃離或獲釋的人當作非法移民對待，而非把
他們當作人口販運的被害人。

報告結論指出，柬埔寨對詐騙園區的掃盪在兩大關鍵方面皆失敗，無論是對一些最知名園
區的調查和關閉，或是對從園區逃離或被帶走的被害人提供保護和協助。

不過，柬埔寨政府發布聲明反駁國際特赦組織。負責打擊網路詐騙的柬埔寨國務部長蔡西
納烈（Chhay Sinarith）稱這份報告「有選擇性、片面且缺乏對實地情況的充分了解」。

根據他的說法，柬埔寨已將25家疑似涉及詐騙的賭場撤銷營業執照，並已起訴近1500名來
自19國的嫌犯，還已將接近1萬9000名外國人驅逐出境，另有約29萬名相關外籍人士已自
願離境。

柬埔寨政府在聲明中表示，打擊詐騙中心困難，因為相關犯罪網絡跨越國界並具有高度適
應力，且為了規避執法都經過精心安排。（編譯：張正芊）1150608


新聞出處:中央通訊社
https://www.cna.com.tw/news/aopl/202606080341.aspx
--
※ 發信站: 批踢踢實業坊(ptt.cc), 來自: 118.166.10.170 (臺灣)
※ 文章網址:
https://www.ptt.cc/bbs/Bunco/M.1781011130.A.5D9.html",Tue Jun  9 21:18:46 2026,ptt,,,2026-10-01T05:57:42Z,pending,temp,,,
ptt_6b09c87d8c08,ptt_candidate,https://www.ptt.cc/bbs/Bunco/M.1780748863.A.573.html,[資訊] AI時代的詐騙升級 我們如何自保,https://www.ptt.cc/bbs/Bunco/M.1780748863.A.573.html,"AI時代的詐騙升級 我們如何自保
https://www.epochtimes.com/b5/26/6/6/n14783102.htm
【大紀元2026年06月06日訊】（大紀元記者蔡溶 報導）在AI（人工智慧）爆炸式成長的
短短兩年間，詐騙也完成了自己的「科技升級」。從語音克隆、深偽影像、自動化聊天機
器人到數千個假投資平台，詐騙集團已經從過去的「粗糙話術」進化成真假難辨，甚至能
為你量身打造劇本卻成本極低的犯罪產業鏈。

FBI 近日通緝一名手持廣州公安證件、涉嫌詐騙在美中國留學生的華男，並呼籲民眾提供
線索。
FBI 近日通緝一名手持廣州公安證件、涉嫌詐騙在美中國留學生的華男，並呼籲民眾提供
線索。（FBI官網）
2026年3月12日，位於柬埔寨一處詐騙中心內，設有假冒的上海浦東警察局。
2026年3月12日，位於柬埔寨一處詐騙中心內，設有假冒的上海浦東警察局。（Lillian
SUWANRUMPHA / AFP via Getty Images）
全球都在面對同一場危機。FBI報告美國去年網路詐騙損失逼近210億美元，其中近9億美
元與AI相關；英國的機構也報告一年遭詐金額達94億英鎊，大多數為源自境外的電信詐騙
；人口僅2,750萬的澳洲，一年也因詐騙損失21.8億美元。

各國都認為自己正遭遇前所未有的詐騙浪潮，再不遏止，這股惡浪終將演變成國家安全、
司法與社會信任的全面危機。

詐騙利用人性 AI放大效率
許多受害者是生活中精明能幹的人，但詐騙利用的往往不是智商，而是人性弱點。他們懂
得利用孤獨、利用求財焦慮、利用求職不安、利用感情需求、利用退休後的空虛。殺豬盤
和新型態投資詐騙最危險的地方，是花時間「陪你慢慢相信」。

騙子不再說「穩賺不賠」，他們知道這樣太假。他們會先建立關係，陪你聊天、關心你，
和你建立情感連結、建立信任，再慢慢引導你相信他們的「精密計算投資」。在假群組裡
，他們可以瞬間用幾百個假帳號包圍你，營造「大家都在賺」的假象。

受害者要對抗的是一群長期研究人性、經驗豐富的職業騙子。而AI，讓這些騙子效率更高
。

AI讓「眼見為憑」徹底失效
隨著 AI 與各種能自動生成假網站、假影像、假語音的技術普及，過去容易識破的騙局已
快速進化，變得非常有說服力。面對這樣的虛擬現實，「眼見為憑」已無法保護你，反而
可能成為詐騙得手的破口。

更令人不安的是，詐騙園區也在「魔化」部分受害者。緬甸順達電詐園區被攻破後，竟有
四分之一、超過900人拒絕被解救返國，而是轉往其它電詐園區。從外界資訊推測，原因
包括：部分人從中國出境前已背負案件，不敢回國；在園區內達成業績後享受特權與高收
入，已被同化；參與暴力或器官摘取，被錄像控制，無法脫身。

這些現象提醒我們：詐騙不僅是犯罪，更是一種吞噬人性的黑暗產業。正所謂：上了賊船
就下不來了。

AI更難防 需要新的識別方法
在這個時代，AI讓詐騙更真、更快、更難防。在這樣的環境下，我們需要重新調整一下防
詐方式，以下是一些建議：

第一，社會新聞要看。有些老人家脫離社會，也不看社會新聞，完全不知現在的社會如此
險惡。雖然有些新聞負面，但那是預防針，能讓你知道世界正在發生什麼。

第二，建立親友防線，例如與家人約定「專屬暗語」，遇到「AI假冒親友」透過視訊借錢
時，能用提問驗證身分；或與一、兩位可信任的親友保持互動。一群人彼此提醒、互相商
量，防線才會穩固。

第三，對自己誠實。很多受害者在第一筆錢匯出去後，會陷入「心有不甘，欲罷不能」的
狀態，不願承認自己被騙，還替對方找理由：「也許再等等就會回本」「也許我誤會他了
」。結果越投越多，把洞越補越大。承認被騙，是止損的第一步。

第四，原路求證、不急匯款。詐騙最常見的套路，往往圍繞「製造急迫感」「營造權威」
「威脅恐嚇」「誇大利潤」「禁止與外界互動/求證」與「索取敏感資訊」。凡是要求立
即匯款、立刻決定、支付保證金或解凍金的情況，都應視為詐騙警訊。

第五，假投資平台、假客服App是投資詐騙的核心工具。務必遵循「三不」原則：不下載
來源不明 App、不點不明連結、不轉帳到私人帳戶或陌生錢包。

第六，財不露白：不要在網路上暴露個人喜好與財務狀況。並記住：天上不會掉餡餅，只
要心存一點貪念，詐騙就會找上門。

最後，如果一件事好得令人難以置信，它大概率不是真的。這句老話，在AI時代依然有效
。

有人感嘆：「也許未來，人類要講話、要買賣，都得回到面對面，否則你只會被AI拿捏得
死死的。」這句話或許誇張，卻提醒我們：在 AI 重塑世界的同時，也逼迫我們重新學習
一件古老的事——如何升級自己的能力。

--
Mr.
Raindrop, falling away from
me now.
/
/
∕︵︵︵︵︵︵︵﹨
Mr. Raindrop, falling away form me now.
/
/
◢██◣
∥
/     /
Do you know how much you mean to me, why must you leave?
⊙
⊙
∥
I'm just a flower on a tree, why must you leave?
◢
▆
/
/
Mr.
Raindrop, falling away from
me now.
--
※ 發信站: 批踢踢實業坊(ptt.cc), 來自: 111.243.14.77 (臺灣)
※ 文章網址:
https://www.ptt.cc/bbs/Bunco/M.1780748863.A.573.html
※ 編輯: petestar (36.227.153.235 臺灣), 06/29/2026 19:20:42",Sat Jun  6 20:27:40 2026,ptt,,,2026-10-01T05:57:42Z,pending,temp,,,
ptt_2ae022bf8dd3,ptt_candidate,https://www.ptt.cc/bbs/Bunco/M.1780567721.A.047.html,[新聞] 新竹建商遭詐騙 現金、金條等6500萬泡湯,https://www.ptt.cc/bbs/Bunco/M.1780567721.A.047.html,"新竹建商遭詐騙 現金、金條等6500萬泡湯 瑞銀金條有編號 銀樓公會發海捕公告
https://news.ltn.com.tw/news/society/paper/1757379
新竹市一名邱姓建商陷入「假投資」詐騙，起初持現金面交投資，之後詐團得知他家中存
放有大量金條，還慫恿交付金條投資，總財損逾六千五百萬元，因該案為五千萬元以上的
重大詐騙案件，檢警單位已組專案小組積極偵辦中。

詐團得知家有金條 慫恿投資
邱姓建商被騙的六千五百萬中，有一千七百萬是用七十一條有編號的UBS黃金條塊交付，
總重約九十二台兩。由於瑞士銀行（UBS）發行的金條代表最高規格的品質保證，一般銀
樓收到不會鎔掉，所以為了協助警方破案，全國銀樓同業公會接獲新竹銀樓業者求助後，
昨天發出「海捕」公告，包括涉案金條序號清單，提醒各銀樓注意。

檢警調查，該名建商是在去年底加入一個投資股票的LINE群組，群組鼓吹「穩賺不賠、保
證獲利」，建商原欲依指示匯款進入對方指定的帳戶內，隨後都改以面交投資款；每次詐
團都相約在該建商住家附近公園等地點，派遣車手前往收取現金。

公會發序號清單 籲銀樓注意
詐團甚至得知該建商住家存放有大量金條，還慫恿可以交付金條投資，為此該建商除交付
家中的金條外，還前往多處銀樓購買金條，共約有十四次面交現金、金條。

上月初，該建商想取回相關的投資獲利，發現對方根本不出金，經詢問多位友人，友人告
知他可能遇上詐騙集團，始驚覺有異，趕緊向警方報案；據悉，這些出面向受害建商取款
的車手，已有多人因涉及其他取款案件落網，目前檢警專案小組正擴大溯源追查其他共犯
中。

--
Mr.
Raindrop, falling away from
me now.
/
/
∕︵︵︵︵︵︵︵﹨
Mr. Raindrop, falling away form me now.
/
/
◢██◣
∥
/     /
Do you know how much you mean to me, why must you leave?
⊙
⊙
∥
I'm just a flower on a tree, why must you leave?
◢
▆
/
/
Mr.
Raindrop, falling away from
me now.
--
※ 發信站: 批踢踢實業坊(ptt.cc), 來自: 36.227.145.233 (臺灣)
※ 文章網址:
https://www.ptt.cc/bbs/Bunco/M.1780567721.A.047.html",Thu Jun  4 18:08:36 2026,ptt,,,2026-10-01T05:57:42Z,pending,temp,,,
ptt_32c8a160db4b,ptt_candidate,https://www.ptt.cc/bbs/Bunco/M.1780323101.A.71A.html,[新聞] 新聞眼／踩在惡的那端 詐騙惡害深蝕不同,https://www.ptt.cc/bbs/Bunco/M.1780323101.A.71A.html,"新聞眼／踩在惡的那端 詐騙惡害深蝕不同年齡層
https://udn.com/news/story/124490/9535829
六十歲原是耳順之年，在經歷人生、社會歷練後，足以平靜聆聽別人所言、明辨是非，古
人的理想卻難套用在現實社會。六十歲以上高齡車手暴增，一時難以定論是「老人變壞」
，或是「壞人變老」，若非生存困難，誰會想在高齡還面臨牢獄之災，更顯詐騙集團惡害
已廣泛深蝕不同年齡層。


詐團中的車手角色，負責出面領收贓款，是詐騙產業鏈最底層、風險最高，但獲利最少的
角色，早年警方「斬手專案」企圖廣抓車手遏阻詐騙，但集團預設斷點以規避溯源，車手
如同免洗筷般用完就扔、落網即棄。


過去案例，詐團最常利用未成年人或失學年輕族群當車手，但未成年人被抓也會怕，他們
漸漸不願再充當「免洗筷」，加上詐騙危害防制條例也就利用未滿十八歲之人犯罪者加重
其刑，詐團才轉向吸收更好控制、不會質疑指令，且外表更「無害」的高齡者從事詐騙。


高齡車手暴增，第一線檢警有感，檢察官感慨「老人越來越多」，年邁弱勢、經濟困境者
，一般人看了都不忍苛責，檢方偵辦過程也是無奈又嗟嘆，就連要不要聲請羈押，都是煎
熬。


台中地檢署偵辦六十三歲吳姓車手，發現他工傷失業還得扶養身心障礙的兒子，落網後對
自己在做什麼都說不清楚，更令人驚訝的是，兒子數度勸阻吳別當車手，甚至大義滅親檢
舉爸爸。


起訴書引用俄國作家列夫·托爾斯泰於小說安娜·卡列尼娜中的名言「幸福的家庭都是相
似的，不幸的家庭則各有各的不幸。」，而不幸與惡彼此相生，不幸唆使惡行，惡行又衍
生不幸。吳背對法律逆向行走，踩在惡的那一端，但或許更偏向不幸一點。在詐騙集團分
工模式持續演化之下，個案背後往往牽涉多重社會與經濟因素，但無論原因如何，犯罪仍
得付出代價。


詐騙之惡，如豐原五口慘案殷鑑不遠，如今詐團盯上社會高齡、弱勢族群，哪怕再有一個
家庭因詐騙而破碎，都非國人能接受。






--
Mr.
Raindrop, falling away from
me now.
/
/
∕︵︵︵︵︵︵︵﹨
Mr. Raindrop, falling away form me now.
/
/
◢██◣
∥
/     /
Do you know how much you mean to me, why must you leave?
⊙
⊙
∥
I'm just a flower on a tree, why must you leave?
◢
▆
/
/
Mr.
Raindrop, falling away from
me now.
--
※ 發信站: 批踢踢實業坊(ptt.cc), 來自: 36.227.145.233 (臺灣)
※ 文章網址:
https://www.ptt.cc/bbs/Bunco/M.1780323101.A.71A.html",Mon Jun  1 22:11:38 2026,ptt,,,2026-10-01T05:57:42Z,pending,temp,,,
ptt_b878d568c871,ptt_candidate,https://www.ptt.cc/bbs/Bunco/M.1780322927.A.CD8.html,[新聞] Meta AI曝公司主要營收是「中國詐騙廣告,https://www.ptt.cc/bbs/Bunco/M.1780322927.A.CD8.html,"Meta AI曝公司主要營收是「中國詐騙廣告」
https://news.ltn.com.tw/news/world/breakingnews/5456420
Meta公司旗下社群平台Threads測試「Meta AI」整合功能，吸引大批用戶標註「@meta.ai
」互動。由於Meta在台灣近年淪為詐騙等犯罪溫床，不少網友好奇詢問Meta AI相關問題
，結果它不僅「自首」公司營收確實是來自中國詐騙等違規廣告，還揭露中國金主如何投
放廣告，過於誠實的描述一出瞬間轟動全網。

據悉，Meta AI自今年5月28日上線後，不斷回應各種領域、內容千奇百怪的諸多問題。其
中，在繁體中文用戶的部分，陸續有人向Meta AI提問有關「中國詐騙廣告」、「Meta營
收多少來自中國和香港」、「明知道很多廣告是惡意詐騙，為何麼仍讓投放詐騙廣告」等
議題，Meta AI則像是吃了「誠實豆沙包」般，逐一詳細解釋背後原由。

Q：為什麼Meta要解散反詐團隊？
Meta AI表示，主要是受到「成本考量」跟「收入取捨」影響，Meta 規定打擊詐騙行動導
致的營收損失，不得超過0.15%、約1.35億美元（約新台幣43億元），否則會影響廣告營
收表現，所以後來團隊被解散，連帶平台打詐力度跟著收緊。

Q：Meta已經知道很多廣告是詐騙，為什麼還要投放？
Meta AI回應，根據Meta內部文件顯示，因為「詐騙廣告對營收貢獻很大」，所以Meta沒
有全面封殺。另外，Meta AI補充外媒《路透社》曾揭露Meta包含詐騙等違反標準的廣告
，占該公司2024年營收10.1%，金額高達約160億美元（約新台幣5059億元）左右，平台每
天投放約150億則「高風險」詐騙廣告。

Meta AI指出，Meta對詐騙廣告的策略是「加價懲罰」，而非直接封鎖，被系統判斷廣告
主「有95%機率是詐騙」才封禁，低於門檻的就提高出價成本，只要廣告主願意多付錢仍
可投放。Meta AI還搬出2025上半年打詐行動，指出該行動設有營收損失上限約0.15%，超
過就不繼續打，目的是為了平衡「打詐」跟「營收」。

Meta AI直言，Meta並不是不知道很多廣告是詐騙，而是因為「詐騙廣告太賺錢」，所以
選擇「溫和打詐」，計畫慢慢從10.1%降到2027年的5.8%。

Q：既然在中國不能用Facebook，那這些公司是如何下廣告？
Meta AI指出，雖然中國境內不能使用或瀏覽臉書，但設立在中國的公司並未被禁止在境
外平台投廣告，因此中國公司仍買臉書廣告。

這些公司申請到「Meta企業管理平台」帳號後，再直接登入「ads manager」投放廣告給
海外用戶。根據Meta AI描述，來自中國的廣告主會透過Meta的廣告後台直接下單，投放
對象是中國以外的用戶，例如歐美、東南亞等地。

Q：為什麼Facebook在中國不能使用，但Meta仍有在中國的營收？
Meta AI坦言，儘管臉書在中國被阻擋不能使用，但是Meta的多數營收仍是來自中國廣告
主投放，並提到主要是Temu、希音（Shein）等跨境電商和遊戲公司購買廣告。

根據Meta財報顯示，2024年來自中國廣告的收入，讓公司進帳183.5億美元（約新台幣
5800億元），占總營收11%以上，是僅次於美國的第二大市場。

Q：Meta過去有因為「詐騙廣告」氾濫，而被中國或香港當局被罰款嗎？
Meta AI回應，從未因詐騙廣告在中國或香港被罰款，因為中國用戶不能使用臉書，況且
Meta在中國也沒有業務。

另據《路透社》內部文件顯示，中國是Meta詐騙廣告的最大來源國，2024年中國廣告貢獻
Meta收入約184億美元（約新台幣5820億元），其中高風險詐騙廣告佔19%；Meta回應已下
架4600萬則中國相關違規廣告，並與部分違規代理商終止合作。

Q：（來自中國的廣告）這些營收到底是投哪些廣告？是投給誰看的？
Meta AI描述，主要是中國企業「出海」投廣告，目標是海外用戶，並不是投給中國人觀
看的。另據Meta財報資料顯示，中國廣告主2023年在Meta花費約135億美元（約新台幣
4267億元），占Meta總收入10%。Meta財報也明確指出，這部分收入主要來自中國廣告主
高額支出，投放AI推薦影片內容等。

由於部分中國廣告涉及詐騙、非法賭博等違規內容，讓Meta曾組建反詐團隊，把違規廣告
占比從19%降到9%，但後來反詐團隊解散，2025年違規廣告占比又回升至16%。

Q：中國投入的這些廣告效果如何？中國人投這些廣告有多少比例是詐騙相關？
Meta AI表示，Temu、Shein等中國跨境電商靠臉書、IG在海外市場打廣告，投資報酬率一
度很強。像是2025年美國施行關稅政策後，Temu大砍廣告預算，讓Meta股價一度大跌，但
後續廣告營收仍穩健增長26%。

另據外媒報導指出，Meta從中國廣告主獲得180億美元的收入中，有約19%、超過30億美元
（約新台幣949億元）來自詐騙、賭博、色情等非法內容。Meta回應稱實際比例更低，但
承認平台涉及美國三分之一的詐騙案。

--
Mr.
Raindrop, falling away from
me now.
/
/
∕︵︵︵︵︵︵︵﹨
Mr. Raindrop, falling away form me now.
/
/
◢██◣
∥
/     /
Do you know how much you mean to me, why must you leave?
⊙
⊙
∥
I'm just a flower on a tree, why must you leave?
◢
▆
/
/
Mr.
Raindrop, falling away from
me now.
--
※ 發信站: 批踢踢實業坊(ptt.cc), 來自: 36.227.145.233 (臺灣)
※ 文章網址:
https://www.ptt.cc/bbs/Bunco/M.1780322927.A.CD8.html",Mon Jun  1 22:08:44 2026,ptt,,,2026-10-01T05:57:42Z,pending,temp,,,
ptt_1d2861259f16,ptt_candidate,https://www.ptt.cc/bbs/Bunco/M.1780049324.A.589.html,[新聞] 租屋詐騙新變種破解 3招破解假房東,https://www.ptt.cc/bbs/Bunco/M.1780049324.A.589.html,"租屋詐騙新變種破解：揭秘「先匯訂金優先看房」的心理陷阱，3 招識破假房東
https://reurl.cc/Q2kM2o
租屋詐騙新變種破解：揭秘「先匯訂金優先看房」的心理陷阱，3 招識破假房東

租屋市場詐騙手段再進化！網路上看到精美裝潢、租金卻遠低於行情的夢幻物件，小心是
詐騙陷阱。本文深度拆解「先匯款搶優先看房權」的心理戰術，整理最新假房東詐騙手法
與對話劇本。傳授 3 招防詐黃金守則，教你如何查驗產權、善用反向搜索，並附上受騙
後的緊急補救指南，助你在租屋攻防戰中保全資產、安心成家。

一、 前言：當找房焦慮撞上完美物件
在租屋族群的尋房過程中，最折磨人的往往不是搬家的勞頓，而是那種「好房子一轉眼就
被租走」的集體焦慮。隨著都市人口持續飽和，捷運周邊、科學園區附近的優質物件長期
處於供不應求的狀態。

當你在各大租屋社團、樂屋網或臉書粉專上，滑到一間生活機能絕佳、北歐風精美裝潢、
採光無敵，而且租金竟然只要市價的 7 折時，你的心跳是不是漏了一拍？

「運氣也太好了吧！這間不搶絕對會後悔。」——正是這種內心的狂喜與隨之而來的「
FOMO 焦慮（ Fear of Missing Out，錯失恐懼症）」，讓無數理性的租屋族，一步步踏
入詐騙集團精心佈置的心理陷阱。

如今的租屋詐騙早已不再是粗糙的簡訊廣告，而是演變成利用精美 AI 渲染圖、Airbnb
盜圖，並結合高度人性化對話劇本的新變種詐騙。本文將帶你直擊這些高明騙局的底層邏
輯，幫你建立最強的數位防線。

二、 心理陷阱剖析：為什麼高學歷、高資產族也會中招？

很多人以為會被騙的人都是因為缺乏社會經驗，但根據警政署 165 反詐騙專線的統計，
租屋詐騙的受害者中，不乏工程師、上班族與高學歷的研究生。這群人具備極高的資訊素
養，為什麼依然會在還沒看房前就把錢匯出去？

詐騙集團玩的是一場精密的心理壓力學，其核心劇本通常包含以下三個致命節奏：

1. 製造極度稀缺性
騙子會貼出完全符合現代年輕人審美的精緻裝潢照片（多為極簡無印風或現代輕奢風），
並配上一個令人無法抗拒的低價。這時，你的理智線已經被撿到便宜的興奮感悄悄遮蔽。

2. 虛構競爭壓力
當你私訊詢問時，對方不會馬上答應，而是會拋出這樣的誘餌：

「目前這間房子非常熱門，今天已經有 4 組人在排隊看房了。排在你前面的黃小姐甚至
說要直接帶押金過來簽約……」

這種別人在跟你搶的氛圍，會讓你的大腦瞬間進入戰鬥或逃跑模式，失去冷靜思考的時間
。

3. 提供虛假的保障
接著，騙子會點出核心訴求，但包裝得極其體貼：

「我看你很有誠意，如果你真的很喜歡，可以先匯款半個月的租金（約 5,000 到
15,000 元）作為『保留訂金』。我會直接幫你排到第一順位優先看房。如果看房後不滿
意，我當場現金全額退還給你，這對你完全沒有損失。」

「可以全額退款」這句話，成了擊碎房客最後一絲防線的溫柔一刀。多數人會心想：反正
不租也可以退錢，那就先搶先贏吧！然而，當你把錢匯入對方指定的帳戶後，等待你的通
常是 LINE 被封鎖、社團帳號人間蒸發。

三、 變種租屋詐騙的四大紅線特徵

要在資訊爆炸的網路世界中自保，你必須學會像大數據演算法一樣，一眼識破那些不正常
的物件。只要符合以下四個特徵中的兩個，高機率就是詐騙：

1. 照片完美到像飯店或樣品屋
真正的租屋物件，照片中多少會帶有生活痕跡，或是採光、角度不夠完美。如果照片中的
客廳一塵不染、落地窗外的風景精美如畫、家具陳列像高級雜誌，且完全沒有擺放任何私
人物品，這極可能是從國外 Airbnb、設計師網站盜來的圖片，甚至是利用高精細度 AI
工具生成的虛構空間。仔細觀察，有時甚至會發現插座孔洞、窗外街景等不符合台灣生活
環境的破綻。

2. 租金與地段嚴重脫節
「地段決定房價」是鐵律。如果在大安區捷運站走路 3 分鐘的獨立大套房，市價行情普
遍落在 25,000 元，但該物件卻只開價 12,000 元，且「還包含水費、網路、第四台與管
理費」，這絕對不是房東佛心發作，而是誘引你上鉤的毒蘋果。

3. 房東身分極度神祕，無法當場通話
詐騙集團多使用臉書假帳號或剛創立的 LINE 帳號。當你要求電話聯繫或撥打 LINE 語音
時，對方通常會以各種理由拒絕：

「我現在人在國外度假/出差，有時差不方便接電話。」

「我是幫我姊姊代刊登的，我平時工作很忙不方便講電話，我們用文字聯繫就好。」

「我聽力有些不方便，希望你能多包涵，用訊息溝通。」

4. 字裡行間不斷催促匯款保留
無論你問什麼屋況細節（如管理費、電費度數怎麼算），對方都會把話題繞回：「你要不
要先付訂金？後面還有人在等。」 這種強烈的催促感，就是為了不讓你有機會向朋友諮
詢或冷靜思考。


四、 3 招黃金守則：徹底撕下假房東的面具
面對層出不窮的數位騙局，請將以下三招刻進你的找房基因裡。只要堅持這三個原則，任
何租屋詐騙在第一階段就會被你徹底瓦解：

第一招：反向圖像搜索（查驗照片真偽）
收到對方提供的精美照片後，不要只用眼睛看。

操作方法： 使用智慧型手機下載 Google App，點擊搜尋列旁的相機圖示，利用「
Google 智慧鏡頭」功能將該物件的照片上傳進行反向檢索。

識破瞬間： 你常會驚訝地發現，這間宣稱位於「台中西屯區」的夢幻套房，其實是日本
東京的某家精品旅店，或是上海某位室內設計師的獲獎作品。照片一旦確認是盜用的，直
接檢舉並封鎖。

第二招：堅持不見面、不看房、不匯款
在實務租屋中，任何在實地踏入房屋、核對身份之前要求匯款的行為，一律視為詐騙。

正確觀念： 正常的房東或合法仲介，絕對不會在帶看前向房客收取任何費用。如果因為
不先匯款而錯失這間房子，那就大方地錯過它。因為真正的優質物件，房東更在乎的是「
親眼見到房客，確認對方的職業與生活習慣是否單純」，而不是那區區幾千元的保留費。

第三招：現場核對雙證件與產權證明
當你順利約到現場看房時，攻防戰還沒結束。有些高階詐騙甚至會短租公寓或日租套房，
假冒房東帶你看房。此時請啟動查驗產權 SOP：

核對身分：請對方出示身分證正本。

查驗權權：要求查看「建物所有權狀」或最新的「第一類建物謄本」，確認權狀上的姓名
、身分證字號，與眼前的房東是否為同一人。

委託授權：如果對方是二房東、代理人或房仲，必須要求出示「轉租同意書」、「房東授
權委託書」或「不動產經紀業營業員證照」。


五、 租屋自保：定金與訂金的法律自衛術
大家常以為字面上的「定金」與「訂金」含義大相徑庭，甚至誤以為寫「訂金」反悔就能
全額退款。然而，這是一個極大的法律盲點：

法院重「真意」而非字面：我國民法其實只有「定金」一詞。實務上，不論對話紀錄或收
據上寫的是「定」還是「訂」，只要其目的是為了「保留房屋、擔保後續契約成立」，法
院一律會認定它具備《民法》第 248 條的「定金」效力。

一旦給付後的法律後果：根據《民法》第 249 條，若房客後來反悔不租，房東有權沒收
這筆錢；若房東反悔不租，則必須加倍返還。

因此，詐騙集團口中承諾的「不喜歡當場全額退款」，在真實法律實務上往往存在高度的
拉鋸空間。最安全的終極做法是：在還沒見到房東本人、還沒進入房屋實地查驗、以及還
沒核對建物謄本產權之前，絕對不支付任何 1 塊錢。

六、 萬一不幸被騙了？黃金緊急補救 3 步驟
如果你此時此刻正在閱讀這篇文章，而手已經不小心把錢匯出去了，請不要慌張，更不要
自責。詐騙集團利用的是專業的心理學漏洞，你現在要做的是跟時間賽跑，啟動資產防禦
機制：

1. 立即撥打 165 反詐騙專線
匯款後的 1 小時內是攔截資金的黃金期。立刻撥打 165，告知警方你遭遇了租屋詐騙，
並提供：你的匯款帳戶、對方的轉入帳戶、匯款金額與精確時間點。警方有權在第一時間
對該目標帳戶進行「緊急圈存」，凍結該帳戶 24 小時，阻止詐騙集團將你的血汗錢提領
出來。

2. 蒐集完整數位證據
不要因為憤怒而刪除對話！完整截圖保留以下資訊：

臉書或各大平台的物件廣告頁面（包含網址）。

對方的 LINE 帳號、大頭照、電話號碼。

所有的對話紀錄： 特別是對方提到「先匯款即可優先看房、不滿意可退款」的關鍵承諾
。

銀行或行動支付的轉帳成功明細電子單據。

3. 前往派出所報案並取得受（處）理案件證明單
攜帶上述列印出來的紙本證據，立刻前往最近的派出所正式報案，製作筆錄。確保拿到案
件證明單，讓該帳戶正式列為「人頭帳戶（警示帳戶）」。雖然追回資金需要走後續的法
律流程，但這是唯一的合法防護手段。


七、 FAQ：租屋防詐常見問題快速解答
Q1：海外房東說可以把鑰匙快遞給我，讓我自己進去驗屋，只要我先付押金，這能信嗎？

A： 絕對不能信。 這是非常經典的國際租屋詐騙手法。騙子通常會盜用高級公寓的照片
，宣稱自己因涉外工作、外交任務長期旅居海外，無法親自帶看。任何「見不到人、拿不
到實體鑰匙」的租屋模式，幾乎都是騙局。

Q2：如果對方出示了身分證照片和房屋權狀截圖，我是不是就可以先匯款了？

A： 不行。 現代數位技術非常發達，身分證與房屋權狀的圖片極易透過修圖軟體偽造，
甚至騙子手中的身分證也是上一位受害者的個資。在沒有約在房屋現場、親眼核對正本文
件之前，網路上的任何圖片都不能作為匯款的依據。

Q3：在知名大型租屋平台（如 591 或樂屋網）上看房，就絕對不會遇到詐騙嗎？

A： 大型平台雖然有審核機制，但詐騙集團常利用合法帳號實名制的時間差，在帳號被檢
舉下架前瘋狂作案。近年許多騙子更傾向於將戰場轉移到無審核機制的臉書租屋社團。不
論在任何平台找房，個人的防詐警覺才是最重要的防線。

Q4：有些房仲說要收取帶看費或車馬費才肯帶看，這是合法的嗎？

A： 根據中華民國法規，合法的不動產經紀業（房仲）在撮合成功前，不得向買方或租客
收取任何「預約費、帶看費」。合法的仲介服務費（通常為半個月租金）是在「正式簽定
租約」的那一刻才會產生。任何提前收取的名目皆不符合商業規範。

八、 結論：讓理性走在感性前面
尋找理想的居住空間，是一場體力與心力的考驗。我們理解在找房處處碰壁後，看到那個
完美又便宜的物件時，內心是多麼渴望那是真的。

然而，在資訊紛亂的數位時代，保護自己資產的終極心法依然是那句老話：「Too good
to be true（如果好得不可思議，那它高機率是假的）。」

把找房的步調放慢，讓理性走在感性的前面。死守「先看房、再核對產權、最後簽約付錢
」的鐵律。別讓你的善良與成家渴望，成了投機分子荷包裡的燃料。


--
Mr.
Raindrop, falling away from
me now.
/
/
∕︵︵︵︵︵︵︵﹨
Mr. Raindrop, falling away form me now.
/
/
◢██◣
∥
/     /
Do you know how much you mean to me, why must you leave?
⊙
⊙
∥
I'm just a flower on a tree, why must you leave?
◢
▆
/
/
Mr.
Raindrop, falling away from
me now.
--
※ 發信站: 批踢踢實業坊(ptt.cc), 來自: 36.227.153.49 (臺灣)
※ 文章網址:
https://www.ptt.cc/bbs/Bunco/M.1780049324.A.589.html",Fri May 29 18:08:40 2026,ptt,,,2026-10-01T05:57:42Z,pending,temp,,,
ptt_64266ab4fb35,ptt_candidate,https://www.ptt.cc/bbs/Bunco/M.1779965071.A.4FE.html,[資訊] OTP平台遭駭後，詐騙可能全面升級,https://www.ptt.cc/bbs/Bunco/M.1779965071.A.4FE.html,"OTP平台遭駭後，詐騙可能全面升級

轉貼自脆
https://www.threads.com/@wasitaiwanlan/post/DY268i-EjDQ
全民注意
【 OTP平台遭駭後，詐騙可能全面升級】
這次最可怕的，
不是只有電話或簡訊外流。
而是——
詐騙集團未來可能會知道你：
 最近有沒有辦護照
 有沒有看醫生
 用哪家銀行
 有沒有貸款
 最近有沒有收政府通知


接下來的詐騙，很可能會變成：「超級擬真版客製化詐騙」！

對方甚至能講出你最近真實生活資訊，讓人誤以為：「他真的知道我的資料！」

尤其家中長輩，
會是這波最危險的族群！

所以請大家務必：

不亂點簡訊連結

OTP驗證碼絕不提供

改用雙重驗證App

開啟銀行即時通知

接到客服電話先掛掉再自己重打

遇到「限時處理」先冷靜查證

 已整理成 10 張防詐圖卡

請幫忙分享給家人、長輩、朋友！
現在的詐騙，
最可怕的不是一看就假的。
而是：
「看起來完全像真的。」
多一人看到，少一人受害

--
Mr.
Raindrop, falling away from
me now.
/
/
∕︵︵︵︵︵︵︵﹨
Mr. Raindrop, falling away form me now.
/
/
◢██◣
∥
/     /
Do you know how much you mean to me, why must you leave?
⊙
⊙
∥
I'm just a flower on a tree, why must you leave?
◢
▆
/
/
Mr.
Raindrop, falling away from
me now.
--
※ 發信站: 批踢踢實業坊(ptt.cc), 來自: 36.227.153.49 (臺灣)
※ 文章網址:
https://www.ptt.cc/bbs/Bunco/M.1779965071.A.4FE.html",Thu May 28 18:44:28 2026,ptt,,,2026-10-01T05:57:42Z,pending,temp,,,
ptt_8a28cc96fad3,ptt_candidate,https://www.ptt.cc/bbs/Bunco/M.1779964190.A.82A.html,[新聞] 警示帳戶解除不須等不起訴書　遭詐騙惡意,https://www.ptt.cc/bbs/Bunco/M.1779964190.A.82A.html,"警示帳戶解除不須等不起訴書　遭詐騙惡意盜用可申請撤銷
https://www.cna.com.tw/news/asoc/202605270212.aspx
首頁 / 社會
警示帳戶解除不須等不起訴書　遭詐騙惡意盜用可申請撤銷
2026/5/27 15:12（5/27 18:42 更新）
示意圖。（中央社檔案照片）
（中央社記者黃麗芸台北27日電）媒體報導有民眾的帳戶因多25筆小額匯款，報警卻成警
示戶而卡死生活開銷。對此，刑事局今天表示，若符合遭詐團惡意報復等特殊要件者，可
檢具佐證文件向警方申請撤銷警示。

警政署刑事局下午透過新聞稿表示，關於近日媒體報導有民眾遭不明人士惡意發動多筆小
額匯款，導致其名下金融帳戶遭通報為警示並影響日常生活開銷，且提及「只能等到取得
不起訴處分書才可解除警示戶身分」等說法，部分內容實為誤解。

刑事局澄清說，為兼顧善意民眾的生活權益，現行警示帳戶救濟機制相當彈性，除不起訴
處分書等「司法判決確定」的解除要件外，若符合一般商業交易糾紛、三方詐騙案件、遭
詐騙集團惡意報復（如遭小額匯款騷擾）、存款帳戶遭盜（冒）用、行政程序或資料登錄
錯誤等特殊要件者。民眾即可檢具對話紀錄、交易資料等相關佐證文件，親赴案關管轄分
局申請撤銷警示。

刑事局表示，經警方查證屬實即依法撤銷，無須等待冗長司法程序。

此外，若民眾未能符合上述特殊要件，直接持警示帳戶以外的名下其他金融帳戶，仍可至
金融機構臨櫃提款，維持基本生活開銷。

刑事局呼籲，民眾若發現帳戶遭異常匯款、冒名使用或疑涉詐騙情事，應立即向警方報案
並保全相關資料，以利後續查證及保障自身權益；另切勿任意提供金融帳戶、提款卡或網
路銀行帳號密碼予他人使用，以免淪為詐欺集團犯罪工具。（編輯：李淑華）1150527

--
※ 編輯: petestar (36.227.153.49 臺灣), 05/28/2026 18:30:02",Thu May 28 18:29:44 2026,ptt,,,2026-10-01T05:57:42Z,pending,temp,,,
ptt_f3ce699a0771,ptt_candidate,https://www.ptt.cc/bbs/Bunco/M.1779497459.A.542.html,[資訊] AI讓商業電郵詐騙難辨識 企業如何應對,https://www.ptt.cc/bbs/Bunco/M.1779497459.A.542.html,"AI讓商業電郵詐騙難辨識 企業如何應對
https://www.epochtimes.com/b5/26/5/22/n14772628.htm
【大紀元2026年05月23日訊】

作者：Adam H. Douglas／張純之編譯

聯邦調查局（FBI）的報告指出，2025年網絡犯罪造成的損失超過200億美元，而商業電子
郵件詐騙（Business Email Compromise，BEC）是第二大攻擊方式，小型企業是其主要詐
騙目標。

BEC是一種定向詐騙手法，犯罪分子會冒充可信聯絡人，例如供應商、會計師，甚至公司
CEO，要求企業進行電匯、支付發票或更改銀行帳戶資訊，以此來竊取企業的資金。

而AI使這類攻擊更難被識破，因為它能生成高度個人化的郵件，模仿真實寫作風格與既有
商業關係，使企業難以辨識欺詐。

等到您意識到出問題時，匯出的錢通常已經消失。電匯資金一旦離開美國國內銀行系統，
幾乎無法追回。不過，有5項零成本的驗證步驟，可以幫助企業大幅降低風險。

與通常的釣魚詐騙有何不同
BEC並不是典型的釣魚郵件。通常不會出現可疑鏈接、不會拼錯銀行名稱，也不會有「中
了樂透」之類內容。

一般釣魚郵件會向數千人發送相同內容，希望有人點擊。BEC則完全相反：它是針對您的
企業的客製化詐騙手段。

為何AI讓情況嚴重惡化
多年來，人們辨識電郵詐騙的方法，通常是檢查文法錯誤、不自然措辭，或寄件者名稱與
網域不符。但這種方式如今已經失效。

而AI工具現在可以做到：1. 抓取LinkedIn個人檔案、網站與公開的商業文件，以分析您
的供應商關係與公司架構；2. 分析寫作樣本，複製特定人物的語氣與風格；3. 生成包含
真實項目、真實發票號碼與真實業務歷史的電子郵件；4. 寫出毫無破綻的英文，不再出
現過去常見的錯字與語病。

結果就是，這些郵件讀起來完全像是財務長或合作多年的供應商所寫。過去識別詐騙的常
用做法，面對能大規模生成欺騙內容的AI工具，已經被徹底削弱。

典型攻擊方式
以下兩種情境，經常發生在小企業與自由工作者身上。

情境一：假供應商發票

您收到一封看似來自合作兩年的供應商的郵件，地址乍看正確，郵件提到最近合作的項目
，並附上一張更新後的發票，其中包含新的銀行帳戶資訊，語氣也與該供應商平時的溝通
方式一致。

您完成付款後，才發現真正供應商的帳戶根本沒有收到錢。

情境二：高管要求電匯

您收到一封來自公司老闆或高級合夥人的郵件，郵件稱某筆交易今天必須完成，需要立刻
匯款，內容強調急迫性與保密性。寫作風格吻合，金額也在公司平常交易範圍內。於是您
就匯款了。

遭遇上述兩種詐騙手段，小企業可能一筆轉帳就損失數十萬美元。

為何小企業更容易成為目標
大型企業通常擁有多層付款審批制度、專門的詐騙偵測軟件，以及內部的網絡安全團隊，
但中小企業通常沒有。

在許多小企業中，單一員工可能就擁有完整的電匯權限，無需二次審批。犯罪分子了解這
點，並系統性地加以利用。

五項零成本驗證步驟
實際上，企業無需專業軟件或網絡安全團隊，也能降低BEC風險。您需要做的是養成一些
習慣。

1. 建立「打電話確認」制度。凡涉及付款、電匯或更改銀行帳戶資訊的要求，都應透過
電話確認，而且必須使用公司原本記錄中的電話號碼，而非郵件內提供的號碼。

2. 制定付款變更政策。明確規定，不得僅依電子郵件更新供應商或員工的銀行信息；必
須要求書面申請，並進行即時電話確認。

3. 把「急迫性」視為警訊。急迫感是BEC攻擊常見的操控手法。如果郵件要求您跳過正常
審批流程，即使郵件看起來再真實，也應放慢腳步。

4.檢查真正的寄件網域。顯示名稱可能是「Sarah at Metro Supplies」，但實際地址可
能是
[email protected]
，而非
[email protected]
。相似網域是BEC常
見的工具。

5. 要求雙重授權。即使只有兩人營運的公司，也應規定：超過一定金額的電匯，必須有
第二人批准。

企業能追回BEC詐騙損失嗎？
有可能，但無法保證。因為電匯速度極快，資金通常在數小時內就會流向海外帳戶。

企業一旦懷疑遭到詐騙，應立即聯絡銀行要求撤回電匯，並向聯邦調查局（FBI）網絡犯
罪投訴中心（IC3）提交報案，網址為ic3.gov。如果損失重大，應直接聯絡當地FBI辦公
室。

若能在24至48小時內採取行動，最有機會追回部分或全部資金；一旦資金離開美國國內銀
行系統，追回難度將大幅提高，很多情況下甚至無法追回。

是否需網絡責任險來防範BEC？
此外，也應檢查保險保障範圍。一般商業責任保險通常不涵蓋資金轉帳詐騙；網絡責任保
險或犯罪保險附加條款，可能提供保障。

如果企業經常處理電匯、供應商發票或客戶財務資料，那麼建議您與商業保險經紀人討論
增加網絡責任保險或犯罪保險附加條款。對小企業而言，相比潛在的損失，保費可能並不
算高。◇

本文代表作者本人觀點，僅供參考。

--
Mr.
Raindrop, falling away from
me now.
/
/
∕︵︵︵︵︵︵︵﹨
Mr. Raindrop, falling away form me now.
/
/
◢██◣
∥
/     /
Do you know how much you mean to me, why must you leave?
⊙
⊙
∥
I'm just a flower on a tree, why must you leave?
◢
▆
/
/
Mr.
Raindrop, falling away from
me now.
--
※ 發信站: 批踢踢實業坊(ptt.cc), 來自: 111.243.7.236 (臺灣)
※ 文章網址:
https://www.ptt.cc/bbs/Bunco/M.1779497459.A.542.html",Sat May 23 08:50:56 2026,ptt,,,2026-10-01T05:57:42Z,pending,temp,,,
ptt_4b934ab6ef9f,ptt_candidate,https://www.ptt.cc/bbs/Bunco/M.1779496262.A.FBC.html,[新聞] 今年84％詐騙案都Meta平台！打詐中心4方,https://www.ptt.cc/bbs/Bunco/M.1779496262.A.FBC.html,"今年84％詐騙案都Meta平台！打詐中心4方向防堵

Facebook、Threads不改演算法就「按人頭」重罰
https://reurl.cc/epoVnM
詐騙案件層出不窮，政府加強打詐，需要社群平台業者配合，行政院打擊詐欺指揮中心5
月20日點名Meta所屬社群平台詐騙內容氾濫，占從今年開始至4月底的詐騙案件數8成4。

打詐中心要求Meta立即主動修改演算法與偵測系統，若持續消極以對，將進行《詐欺犯罪
危害防制條例》再修正，提出相對應管制措施及罰則。



打詐中心指出，據刑事局統計，從今年1月1日至4月30日止，Meta所屬社群平台涉及詐騙
案件數為1萬4073件，案件占比為84.31％，總財損金額為13億6178萬1574元，財損占比為
86.2％。



此外，根據數發部「網路詐騙通報查詢網」最新資料顯示，過去7日的通報疑似詐騙訊息
數，有高達44827則的媒介是Facebook、6556則是Threads，皆為Meta平台所屬，合計占總
數約94.9%；再再顯示，Meta所屬社群平台仍是詐騙集團主要詐騙渠道。





▲數位發展部「網路詐騙通報查詢網」統計，近7日來，Meta所屬社群平台的通報數暴增
。取自「網路詐騙通報查詢網」網站。

蒜頭、山竹也在騙？Threads 爆發「季節農產品」偽冒潮，倒店出清全是假的


其中Threads平台於網路購物詐騙貼文中，以季節性及時事性商品為內容的詐騙持續高發
，尤以偽冒政府機關的農產品為大宗 （如：蒜頭、山竹、荔枝、桃子、酪梨、芒果等）
。



另網路購物詐騙中iPhone、Switch 2、PS5等詐騙具相同特徵，均為利用倒店為由低價出
清，或以新開幕為由免費贈送進行詐騙，並盜用實體商店街景照片，取信被害人。



打詐中心表示，社群平台已成為國人生活重心，目前民眾於社群平台購物頻傳受騙，Meta
對於原生用戶內容（貼文）未能有效落實防詐自我管理，導致詐騙貼文內容重複出現，不
僅損害消費者權益，更讓無數仰賴社群創業的商家與個體工作者信譽受損。



「打擊詐騙沒有模糊空間！」打詐中心強調，Meta必須負起應有的社會責任；而政府抑制
平台詐騙貼文的關鍵不在「刪文」，而是在「提前預警、快速降溫、提高詐騙成本」。





▲打詐中心點出社群平台貼文詐騙的6大主要類型，提醒民眾勿受騙。打詐中心提供。


打詐中心祭出「防堵四大方向」逼Meta補技術漏洞

對於如何提前預警提高詐騙成本，打詐中心也提出四大未來方向，全力防堵今年以來社群
平台的詐騙管道。



首先，Meta應修正技術漏洞，從源頭阻斷詐騙。



打詐中心點名Meta的「偵測系統存在嚴重技術缺口」，許多詐騙貼文在被檢舉移除後，短
時間內又以相同圖文重複上架。



政府嚴正要求，Meta應主動修改演算法與建立「重複詐騙內容識別機制」，對於已被列為
詐騙的資訊應即時攔截，而非事後補救。



第二，打詐中心指出，社群平台是許多台灣商家與手創工作者的命脈，卻常遭詐騙集團冒
名開設假粉專。



Meta應針對在地小型商業經營者提供更便捷、可信的「身分驗證服務」（藍勾標誌或其他
明確識別），幫助消費者區分合法業者與詐騙帳號，保障合法業者的生存空間。



第三，要是Meta持續不作為，政府也不排除修法加嚴平台業者責任，拒絕自願改善則改採
「強制重罰」，研議修改《詐欺犯罪危害防制條例》，將評估以「受害者人數」或「詐騙
貼文篇數」作為裁罰基準課以重罰，要求平台業者在台灣經營必須尊重台灣法治與民眾財
產安全。



第四，打詐中心表示，支持受害者向平台提出損害賠償的法律救濟。



現行法律規範下，消費者具有向平台主張權利的空間。目前消費者保護協會已針對特定案
例進行法律行動，政府將密切關注並提供法律協助。受害者可向平台求償，讓企業明瞭「
忽視使用者安全是須付出代價的」。





▲打詐中心拆解詐騙集團利用AI與時事進行詐騙的流程。打詐中心提供


搶不到熱門演唱會門票？打詐中心示警：社群「求票換票」遭詐風險最高


打詐中心強調，打擊詐騙是政府施政重中之重。未來持續整合內政部、數位發展部、通傳
會（NCC）、金管會及法務部等跨部會資源，除強化對平台的監督外，也將持續提升民眾
反詐意識。政府絕對有決心、有行動，與國人站在一起，建構安全的網路環境。



對於近期出現的相關演唱會、運動賽事票券的詐騙案，打詐中心提醒，社群平台有許多利
用民眾急需購買熱門演唱會、運動賽事門票的求票、讓票、換票、代購社團，其遭詐騙的
風險性相當高，建議選擇具有審核機制的官方網站購買，匯款前並仔細確認交易對象及商
品，以免受詐。



打詐中心呼籲，民眾除自己切勿貪圖暴利，以身觸法外，應共同抵制，拒絕購買黃牛票，
杜絕歪風、保障民眾購票權益。

--
Mr.
Raindrop, falling away from
me now.
/
/
∕︵︵︵︵︵︵︵﹨
Mr. Raindrop, falling away form me now.
/
/
◢██◣
∥
/     /
Do you know how much you mean to me, why must you leave?
⊙
⊙
∥
I'm just a flower on a tree, why must you leave?
◢
▆
/
/
Mr.
Raindrop, falling away from
me now.
--
※ 發信站: 批踢踢實業坊(ptt.cc), 來自: 111.243.7.236 (臺灣)
※ 文章網址:
https://www.ptt.cc/bbs/Bunco/M.1779496262.A.FBC.html
※ 編輯: petestar (36.227.153.235 臺灣), 06/29/2026 19:21:16",Sat May 23 08:30:58 2026,ptt,,,2026-10-01T05:57:42Z,pending,temp,,,
